overall_score,technical_skills_score,experience_score,projects_score,education_score,soft_skills_score,certifications_score,cv_completeness_score,missing_required_skills_count,missing_optional_skills_count,ahp_explainable_score,final_score
28.43,42.93,38.36,5.18,68.29,57.09,39.3,51.41,1,5,43.42,24.01
28.62,11.36,30.5,3.51,57.93,47.37,37.9,62.73,4,5,24.99,0.0
46.45,41.63,64.37,62.24,83.05,29.32,25.93,81.43,3,4,49.62,29.13
28.36,41.63,38.51,17.18,58.26,60.36,19.37,59.42,3,4,43.5,16.29
37.92,35.26,42.94,25.24,39.81,10.48,5.73,78.42,3,2,31.51,19.68
63.45,48.07,36.33,46.84,37.88,36.77,59.74,73.19,1,4,45.67,41.74
70.87,63.57,52.47,65.7,35.02,2.04,6.3,90.28,2,2,49.6,48.88
28.74,19.05,16.58,34.67,25.33,6.57,5.9,93.09,3,4,21.8,9.84
40.11,22.47,14.97,5.3,63.18,34.18,10.12,60.3,3,4,19.28,7.36
28.15,31.37,32.13,35.74,5.91,31.19,2.08,69.7,3,5,35.98,5.58
97.6,85.34,77.14,81.59,36.25,91.06,41.0,94.57,1,5,88.96,72.83
60.63,46.48,49.26,51.03,51.33,1.95,57.84,96.37,2,2,38.81,38.23
66.76,66.26,68.05,30.39,79.96,20.72,2.62,84.42,3,2,57.01,40.34
48.67,55.9,36.64,70.84,12.35,3.59,26.11,61.72,2,5,43.26,30.43
55.43,68.2,63.45,43.68,30.67,67.21,18.37,97.79,0,5,65.18,52.13
87.18,95.61,71.88,68.96,77.76,92.32,42.56,78.6,0,3,81.45,80.83
84.2,89.3,85.34,63.99,79.23,67.96,62.81,78.28,0,1,82.64,81.92
48.46,80.49,21.62,46.09,47.55,8.47,8.42,40.51,3,5,42.37,27.2
70.9,35.77,39.69,66.47,72.81,20.94,37.15,86.21,2,3,45.68,33.4
53.18,45.18,67.08,65.83,31.32,5.99,41.61,70.12,4,2,46.24,31.66
77.11,70.38,69.04,55.95,38.05,16.59,4.54,89.78,2,3,56.54,51.85
45.75,2.17,9.98,13.02,17.46,42.84,20.81,47.46,2,8,16.49,0.54
94.99,96.59,99.28,91.09,77.87,61.04,66.21,78.36,0,1,93.1,82.7
66.11,46.46,41.01,48.89,50.01,20.93,25.73,77.82,2,4,39.25,34.41
78.07,53.85,41.34,44.8,63.64,52.21,48.26,44.71,2,2,54.05,40.05
46.15,6.61,33.79,5.23,50.8,6.34,46.8,51.87,2,5,25.97,10.81
49.73,12.67,32.45,5.23,43.13,12.85,28.25,73.62,1,6,22.15,16.95
64.79,75.04,40.15,30.86,30.26,59.21,29.3,92.1,2,4,54.21,43.53
79.65,76.01,70.52,61.65,86.49,41.6,32.58,93.24,0,1,68.65,74.66
77.56,65.86,75.9,30.92,76.03,57.34,8.53,85.59,1,3,65.0,52.1
60.13,54.02,47.98,70.92,71.88,9.95,69.79,95.77,1,4,57.55,47.98
96.71,66.01,73.43,61.44,77.72,18.83,77.4,91.41,1,3,66.76,59.29
20.02,42.47,3.15,44.05,64.95,57.91,34.91,86.9,2,6,42.13,13.5
91.51,71.76,74.48,86.95,88.91,58.1,4.63,90.41,1,2,65.02,73.83
73.87,99.3,81.05,90.28,70.0,54.38,12.34,98.65,0,0,85.6,82.91
41.98,55.5,46.26,40.82,8.94,10.73,16.68,36.27,1,4,37.86,32.77
52.18,60.3,48.63,26.8,50.1,42.67,15.79,85.04,2,2,47.07,39.32
70.99,58.61,53.55,56.3,46.64,46.15,51.57,96.02,2,3,55.33,44.79
72.63,56.25,39.98,28.6,75.52,5.0,19.64,76.69,1,4,35.75,41.83
45.98,18.61,8.45,33.05,8.38,27.37,47.92,94.77,3,4,26.49,4.87
66.15,35.46,43.99,51.25,34.83,14.93,58.54,99.62,1,3,46.65,39.78
57.95,38.44,67.48,46.69,53.16,13.56,12.66,96.75,3,2,47.48,32.06
61.28,38.62,45.48,67.18,63.26,58.42,46.91,91.7,2,3,55.64,41.67
30.27,38.43,46.86,27.76,63.67,44.03,42.51,62.03,1,4,44.11,28.6
78.84,71.71,65.87,96.74,59.65,29.22,50.87,75.18,1,1,68.07,62.19
30.06,38.07,49.68,39.64,67.42,58.65,43.34,50.71,4,2,43.58,18.97
81.28,42.29,67.69,58.75,25.99,9.91,2.46,53.76,2,5,43.37,33.03
71.19,38.65,58.88,65.1,80.48,74.03,2.59,78.04,3,3,56.68,34.57
46.35,36.97,44.05,2.69,16.42,46.64,42.91,45.23,2,3,34.21,20.21
66.57,39.26,75.43,32.62,64.0,23.92,35.42,39.69,2,4,40.5,37.39
68.68,69.72,77.95,39.82,49.48,12.31,40.24,99.92,0,0,57.32,63.93
49.43,50.71,37.89,35.1,26.06,40.8,44.42,77.02,1,1,42.93,37.08
74.6,45.11,48.99,70.45,56.77,66.81,41.35,87.87,1,2,59.4,53.13
21.9,28.07,43.56,43.11,30.69,35.72,49.74,78.73,2,4,41.45,23.22
50.12,25.64,23.81,1.97,67.18,7.73,2.05,57.3,2,3,22.71,20.26
71.57,78.46,67.12,86.42,46.39,28.7,33.5,85.42,1,3,62.05,62.27
61.15,49.32,53.55,64.03,75.47,23.43,22.57,73.49,0,2,57.55,53.76
37.28,52.65,66.25,19.78,3.55,11.06,55.13,25.34,2,4,31.47,18.59
86.21,85.66,94.73,55.21,81.94,58.82,13.83,94.32,0,2,73.9,75.37
77.49,50.55,69.97,40.92,72.95,54.07,15.14,79.49,2,4,56.14,40.17
73.3,90.38,89.78,88.24,52.44,84.55,50.48,78.15,1,0,84.34,77.28
35.19,25.99,84.55,48.0,9.52,71.78,52.82,44.84,2,4,43.88,23.23
66.9,70.96,35.78,54.79,38.88,78.65,17.76,86.38,0,3,59.3,60.3
70.03,77.29,53.03,50.73,25.75,71.64,36.42,79.28,0,3,58.97,61.14
98.77,71.25,71.98,93.65,85.19,20.15,39.93,93.34,1,2,69.01,75.93
42.88,28.5,5.75,49.72,60.59,59.86,4.99,55.22,4,4,43.08,9.1
47.28,19.73,17.55,33.48,40.67,30.69,30.09,91.77,2,6,29.44,15.77
73.21,88.96,76.88,97.97,48.4,9.4,64.05,97.03,0,3,67.71,73.23
53.56,36.94,55.7,72.97,64.15,44.6,7.75,73.84,2,4,50.43,36.39
81.17,82.18,24.67,18.96,22.83,44.23,5.82,56.29,0,1,43.47,56.19
95.26,85.45,90.73,68.32,55.42,38.46,64.6,94.31,2,1,82.02,71.25
76.47,94.63,71.28,73.61,59.74,23.3,60.37,96.28,1,2,77.91,65.0
98.08,96.08,92.21,78.29,61.98,50.33,45.61,85.86,0,1,81.76,90.66
42.69,58.26,33.5,26.46,2.25,9.52,55.01,36.9,2,5,36.39,21.93
99.64,93.64,90.96,76.09,43.41,87.46,29.02,76.25,1,1,89.22,81.0
18.9,46.19,24.09,35.15,0.16,74.5,14.04,48.1,3,4,36.77,11.49
75.42,48.72,66.23,48.05,64.6,53.97,33.09,98.25,0,4,58.67,56.9
82.39,96.24,91.24,99.63,64.23,62.7,25.71,98.69,2,3,84.51,74.73
31.38,45.35,23.06,35.59,23.97,30.61,22.0,51.29,2,5,33.26,20.12
78.45,71.92,92.24,93.73,48.57,63.45,11.0,81.88,1,3,74.66,68.74
85.35,89.55,98.35,82.45,49.03,59.42,27.24,99.4,1,1,81.28,77.09
35.63,22.2,51.48,46.97,22.56,40.84,24.49,76.61,2,4,34.82,22.91
51.08,37.25,42.06,41.94,33.64,34.23,12.01,77.24,3,4,40.68,22.17
94.11,95.12,70.87,55.34,53.49,75.76,71.33,78.46,0,0,74.37,77.1
72.93,79.8,86.69,96.98,88.95,6.62,11.73,94.77,1,2,71.07,66.12
17.41,21.17,30.37,27.54,48.03,48.95,49.6,94.97,3,7,37.3,7.34
60.22,53.27,37.21,58.61,46.2,70.87,58.25,93.74,3,5,61.09,32.64
74.47,41.19,72.8,29.8,34.21,48.05,4.73,66.85,2,3,43.65,38.88
44.57,8.4,8.08,47.34,57.62,40.42,40.96,49.64,3,7,27.98,3.54
69.76,54.98,50.82,35.96,37.5,67.63,8.32,68.01,1,5,53.33,43.26
41.45,64.21,49.17,35.54,65.63,78.05,52.37,32.12,0,2,55.36,43.61
63.18,70.63,65.55,26.33,27.97,54.14,34.03,74.11,0,2,47.72,54.04
53.93,57.44,48.53,53.2,65.6,5.95,0.07,72.43,1,4,49.57,41.31
60.71,75.23,37.56,35.76,60.15,17.59,47.57,72.49,0,0,49.27,58.32
95.53,76.21,77.63,57.49,54.66,25.16,51.89,80.13,1,1,52.86,65.02
87.83,69.27,94.83,88.94,80.09,49.98,84.72,76.1,2,4,74.6,66.53
17.15,48.93,27.43,27.15,67.96,28.55,19.88,74.24,2,4,42.9,24.66
34.75,17.93,22.48,23.73,44.32,69.51,46.64,64.57,2,6,38.92,8.93
33.28,16.04,19.02,20.82,6.62,12.45,36.16,64.45,4,5,19.21,0.0
48.96,29.87,36.79,2.89,66.19,29.44,46.2,73.95,3,4,39.61,17.37
91.79,94.83,82.37,75.96,35.3,74.73,28.11,96.97,2,2,78.26,70.51
30.86,26.82,53.1,53.0,59.89,14.07,29.71,88.91,1,6,43.92,25.35
63.54,50.5,44.05,37.15,8.88,63.58,50.26,35.52,2,6,43.03,30.79
67.77,42.03,63.74,43.84,62.12,3.61,32.32,83.28,1,4,47.8,37.27
98.31,79.17,93.31,98.85,39.44,61.91,74.07,90.86,0,3,80.93,80.42
80.06,27.42,65.88,29.61,67.72,3.61,56.15,55.99,3,7,40.38,23.72
61.67,48.83,48.93,14.1,72.66,24.85,11.36,35.58,1,5,44.66,36.96
50.99,42.11,51.89,6.98,55.71,40.93,27.17,89.95,3,6,29.28,19.93
56.93,51.83,38.86,28.87,71.79,40.15,65.15,86.43,1,4,40.98,45.74
84.5,97.77,99.2,65.64,37.7,14.59,5.38,79.88,1,1,72.84,75.05
93.62,86.62,95.24,97.7,54.13,8.61,19.2,85.95,1,2,72.39,76.32
78.26,87.86,88.55,74.56,47.58,68.58,14.35,98.42,0,0,69.5,81.07
59.41,77.78,55.91,48.9,50.31,6.01,41.51,72.98,1,3,64.1,56.01
57.35,28.62,73.44,52.13,58.63,34.25,38.28,56.68,3,7,47.73,26.79
52.43,50.5,72.79,42.87,55.24,36.78,12.93,52.57,2,5,50.08,28.42
47.81,31.64,82.14,20.04,14.83,23.31,31.76,57.66,3,6,34.06,21.4
49.87,46.76,48.26,31.36,58.01,63.45,4.9,81.84,2,2,50.22,31.88
20.11,18.04,9.7,25.71,27.44,18.07,37.59,60.69,3,5,24.09,1.75
52.79,67.82,74.99,49.9,63.58,78.05,69.92,86.47,1,2,66.31,59.65
68.51,81.7,82.3,73.33,66.25,52.46,71.11,77.72,0,3,67.56,67.81
47.38,15.72,22.09,14.74,42.44,70.41,17.23,72.85,4,6,23.15,0.34
53.94,75.05,64.29,22.47,13.16,64.96,15.88,58.79,1,1,48.31,46.76
98.86,74.26,80.05,74.46,48.92,73.7,65.61,84.46,0,1,72.92,82.1
36.82,37.48,53.73,62.65,6.68,31.62,44.82,38.75,3,3,39.45,17.72
36.97,34.52,54.06,22.65,28.23,69.25,12.29,81.49,2,6,46.2,17.02
82.84,75.13,92.86,95.84,79.15,25.27,23.3,81.37,1,1,75.61,82.17
26.77,1.76,8.91,35.16,54.8,15.82,45.87,87.55,1,8,23.85,8.64
65.42,67.68,40.52,64.04,81.31,65.55,30.89,95.68,1,1,64.83,50.13
75.63,82.6,82.68,81.22,56.73,74.75,77.62,81.17,1,1,77.51,67.71
50.35,36.09,50.48,54.13,24.64,47.87,23.7,94.33,2,5,44.43,30.61
26.08,49.0,48.59,16.57,53.91,25.26,30.32,77.92,1,3,35.33,27.39
61.35,37.37,49.98,68.26,26.85,35.68,66.16,66.78,1,2,44.4,39.09
70.72,45.57,44.92,26.36,82.51,63.9,44.49,91.04,2,6,48.67,36.51
96.42,93.41,77.23,81.04,42.76,92.37,76.75,98.05,0,2,77.24,87.6
70.28,99.64,67.59,60.96,80.5,55.12,65.83,90.77,0,1,76.6,72.76
56.42,55.11,42.3,64.83,40.64,13.82,17.24,94.47,0,4,44.62,46.05
22.92,10.83,37.89,50.04,20.65,42.66,14.49,72.71,5,8,26.64,0.0
38.34,34.13,4.07,24.58,28.63,6.5,11.12,67.05,5,4,23.74,0.0
65.45,74.9,56.15,51.43,61.12,66.38,5.03,83.05,0,1,64.71,66.92
56.18,35.85,34.1,16.19,0.04,34.56,46.15,52.14,2,4,29.18,19.94
88.05,76.42,87.45,73.55,76.78,21.91,76.99,87.51,1,4,63.64,62.34
53.26,46.3,60.05,74.68,84.42,47.41,44.73,95.1,3,5,62.49,33.35
59.51,77.38,77.36,70.31,72.91,24.22,22.46,84.15,1,2,67.29,60.24
24.01,16.53,7.0,10.38,59.54,33.47,11.39,82.97,2,5,25.98,3.42
21.55,3.25,3.02,32.0,1.52,63.66,7.77,75.33,4,4,25.25,0.0
35.52,35.72,78.75,45.72,11.25,16.22,39.6,51.82,1,3,33.87,35.48
56.87,44.65,36.98,42.61,67.68,1.66,30.74,87.54,1,4,34.84,38.59
83.2,86.12,73.59,56.91,47.3,43.21,35.18,79.42,0,1,70.84,75.11
97.6,98.32,65.42,89.34,88.36,86.06,82.51,88.76,1,0,91.77,75.78
63.87,41.6,66.81,28.75,68.79,76.41,33.07,82.84,1,3,48.77,47.82
75.03,81.24,97.99,88.04,46.84,81.66,32.15,96.29,0,1,75.22,80.18
51.47,7.53,4.86,37.08,23.78,5.34,23.77,82.69,4,3,15.37,3.34
28.75,47.65,35.79,6.37,61.96,36.69,7.08,52.63,1,4,37.68,24.57
58.67,57.44,47.02,26.6,61.86,33.63,45.59,68.8,2,5,49.6,35.11
25.87,26.52,32.64,1.2,36.06,25.86,21.06,50.01,3,5,26.02,6.45
21.96,39.38,34.78,51.1,68.67,3.18,22.25,72.35,2,2,44.05,24.06
72.81,48.93,55.63,73.9,53.49,11.78,3.62,98.09,2,4,47.56,45.5
58.61,83.27,36.82,42.8,64.46,35.86,16.77,56.65,1,1,60.56,51.07
46.03,51.85,43.61,59.0,35.88,60.73,18.44,77.43,2,6,47.69,27.22
34.02,10.69,49.51,18.85,2.73,37.1,6.2,56.92,4,6,21.82,0.0
39.97,49.64,18.78,8.96,36.34,39.99,8.9,75.66,2,4,33.07,20.07
75.69,74.59,66.15,67.57,45.61,35.97,32.74,83.48,0,3,63.86,61.41
51.61,46.43,27.73,29.25,22.02,58.05,38.24,87.21,2,5,41.22,29.05
75.66,39.06,77.75,63.5,30.6,59.06,2.39,91.96,2,6,48.56,38.76
81.25,66.49,80.69,66.93,56.6,40.38,74.75,81.76,1,4,68.13,61.18
53.49,56.62,41.53,42.6,58.95,37.21,57.67,73.99,4,3,51.44,25.25
84.85,70.95,93.64,81.29,49.49,88.31,9.79,89.1,0,1,70.98,80.09
84.39,74.05,88.2,60.34,86.54,85.0,15.81,83.08,0,3,71.5,71.63
99.99,80.94,95.54,76.71,85.73,8.34,9.69,98.24,0,1,67.79,79.75
51.27,73.63,45.89,60.26,29.03,3.49,45.76,76.87,1,0,47.55,46.38
15.73,16.01,20.26,29.54,20.78,4.55,18.44,57.73,3,3,19.55,1.12
56.4,57.96,68.19,43.94,60.25,86.96,36.54,96.84,2,4,60.55,47.07
56.54,30.57,56.53,18.23,56.36,40.61,43.41,57.17,3,3,39.34,21.4
11.53,27.81,11.89,47.32,45.39,31.52,9.41,61.95,4,3,27.11,1.62
18.39,14.62,53.46,38.95,42.74,23.07,14.96,46.98,2,4,31.07,15.89
70.56,53.3,51.59,38.35,24.35,41.74,25.87,47.13,2,0,41.23,43.13
79.27,75.06,71.11,89.38,62.3,87.33,2.77,76.67,1,4,74.08,55.51
74.34,85.08,82.43,81.12,55.72,78.54,11.78,85.71,1,3,85.62,71.75
73.45,67.42,90.48,67.96,74.81,6.31,73.32,95.89,1,2,64.21,61.76
85.54,79.92,92.84,77.0,62.54,93.96,12.76,95.77,1,4,79.49,72.83
21.06,20.93,20.16,28.68,32.36,24.52,15.27,57.54,1,6,16.39,14.98
90.2,94.67,73.31,61.78,35.47,4.49,64.79,99.68,1,3,69.72,74.26
25.09,0.55,32.74,54.52,18.03,14.21,6.2,72.76,4,7,22.79,0.0
20.39,27.79,16.36,18.14,65.24,51.14,48.73,65.85,3,8,39.74,4.82
47.22,75.05,40.33,34.9,70.92,8.72,63.02,90.4,1,1,53.28,48.78
40.17,29.31,17.74,38.35,66.99,44.06,33.22,66.86,2,2,39.35,18.08
60.89,59.58,37.11,45.21,59.98,52.67,46.01,90.21,2,2,49.62,37.95
84.88,95.55,88.77,59.07,67.58,21.07,62.39,95.69,1,0,71.47,79.24
40.38,25.99,20.25,2.77,10.01,14.48,18.67,92.21,3,7,14.77,6.03
26.1,38.63,44.15,6.1,42.61,71.93,20.11,47.55,2,4,40.62,15.26
94.22,82.45,66.19,85.74,87.28,78.77,23.56,76.33,1,1,75.19,75.5
58.85,40.14,39.16,36.64,75.2,13.12,15.87,84.2,1,3,45.64,39.56
48.31,7.55,50.24,49.64,58.04,47.35,31.01,76.96,4,5,44.52,8.23
25.85,0.62,28.04,27.9,30.59,25.48,12.49,71.38,4,7,17.74,0.0
62.93,56.47,62.68,72.5,42.11,62.35,1.75,74.18,2,4,62.66,47.25
31.7,30.2,21.78,2.27,7.0,49.12,49.78,45.79,2,5,31.58,10.96
67.99,71.94,40.26,71.31,26.56,75.26,5.37,71.81,1,2,63.02,52.71
58.28,68.01,73.4,57.63,32.46,26.59,63.93,68.11,2,3,60.0,48.41
29.18,37.67,1.74,7.93,42.99,17.44,33.3,62.56,2,4,16.74,12.26
83.82,71.91,95.13,92.04,84.62,83.36,81.57,80.71,2,1,84.0,72.65
54.52,45.38,38.54,49.83,78.27,56.71,36.47,80.0,1,6,56.44,34.13
41.92,28.74,47.46,16.01,61.71,54.71,39.94,78.23,2,8,41.53,19.52
29.02,46.35,21.69,31.1,7.42,16.93,42.03,64.83,2,5,28.72,13.66
38.3,59.49,50.37,49.93,33.55,31.89,28.31,46.53,1,4,44.75,41.76
71.42,71.71,41.6,54.13,42.12,66.53,16.71,88.5,1,3,53.81,53.26
51.45,43.74,9.12,45.08,2.25,29.5,43.54,79.44,3,4,29.63,15.91
74.45,44.89,42.33,57.14,83.32,22.25,17.48,69.88,3,3,47.21,34.05
85.81,82.93,93.26,70.99,57.57,15.95,62.97,94.62,1,1,70.02,73.66
63.32,49.37,46.7,48.0,35.89,47.67,49.47,85.14,0,4,53.81,47.0
70.83,43.87,43.03,49.85,26.98,20.28,50.68,94.31,1,4,41.38,45.76
38.31,26.25,35.9,50.55,7.04,23.68,3.62,92.24,3,4,33.63,6.59
93.58,96.06,66.71,88.93,54.51,61.62,43.69,81.49,0,3,73.24,80.54
52.15,64.75,64.53,51.96,81.1,34.69,58.51,67.63,0,1,67.01,56.81
24.84,33.97,42.37,54.9,34.47,4.6,29.79,50.95,1,6,40.55,24.47
69.44,95.56,89.27,56.8,36.56,53.07,24.02,89.92,0,2,73.88,76.2
98.59,99.33,90.87,75.93,47.1,77.19,62.59,80.55,1,2,86.82,83.35
37.29,13.52,20.44,2.51,55.09,32.47,21.91,57.27,2,6,26.39,7.03
25.81,19.01,23.72,44.83,22.46,56.85,46.98,78.04,4,6,36.1,0.58
48.44,52.84,40.33,45.52,58.42,83.76,2.54,86.75,0,4,47.6,43.5
80.84,83.52,65.03,62.28,40.15,52.22,27.97,88.71,0,2,68.36,67.03
72.69,99.34,86.62,82.46,89.27,8.4,82.83,80.1,0,2,79.14,81.66
99.91,78.27,87.71,98.56,38.17,87.67,48.26,92.61,0,1,82.99,87.68
75.81,94.9,66.21,86.9,89.97,0.71,13.69,91.85,0,0,73.96,76.41
68.01,60.55,43.93,53.16,77.91,60.01,33.03,76.26,0,0,57.85,53.38
94.08,70.9,74.93,73.82,52.84,75.84,81.4,96.88,1,3,73.35,68.06
56.1,41.75,35.51,37.4,79.84,71.75,67.89,68.53,3,4,46.79,30.48
63.94,42.88,55.17,57.54,32.69,83.75,35.4,93.68,3,3,61.6,36.39
54.18,39.28,61.07,28.32,39.48,5.46,38.42,70.61,1,3,35.78,38.89
63.58,55.33,63.17,35.5,83.75,8.83,58.05,85.79,0,1,57.51,55.01
48.65,38.42,67.29,39.65,78.36,68.59,48.87,74.75,3,6,49.4,29.6
80.58,90.98,81.6,80.68,52.28,13.42,22.69,96.49,0,1,71.67,75.86
75.36,99.49,89.71,82.8,35.27,17.51,54.02,84.49,0,1,76.06,77.74
48.58,12.43,48.76,5.36,45.39,58.71,30.73,69.78,4,6,37.21,5.41
59.58,45.51,72.96,43.7,51.76,36.87,12.74,90.61,3,3,55.26,37.78
46.5,45.34,18.56,33.6,42.62,20.05,11.1,50.7,2,3,33.99,26.89
82.52,84.14,97.17,94.37,85.38,80.77,81.99,86.64,1,1,87.25,80.62
44.18,82.56,69.45,51.66,50.7,26.52,38.79,31.91,1,2,59.37,48.91
28.95,31.62,8.77,37.03,18.94,20.46,8.11,61.62,3,6,30.02,1.4
49.25,64.62,75.59,46.34,79.07,8.85,3.01,90.25,1,6,56.56,44.27
55.01,42.44,77.83,28.18,74.62,57.55,51.46,89.91,3,3,54.36,30.1
49.08,43.0,49.27,28.51,28.41,82.44,21.85,99.38,1,4,50.97,40.31
14.04,9.43,4.22,33.23,69.06,50.4,35.54,94.23,2,5,32.5,8.49
84.23,97.8,74.01,77.12,44.56,5.48,6.85,93.18,1,2,70.89,69.67
85.71,89.5,87.68,72.46,65.53,8.94,13.12,98.29,0,2,67.12,78.9
54.59,25.22,24.07,17.12,7.15,28.14,42.08,54.25,4,4,36.63,6.01
55.91,46.79,69.91,63.0,66.73,12.51,56.55,88.7,2,3,51.4,40.22
84.59,68.5,70.75,60.96,87.48,27.06,30.19,83.05,1,1,60.47,62.12
85.8,77.09,93.07,94.57,60.99,92.28,47.01,81.77,1,3,78.09,69.41
63.66,36.85,38.41,59.81,29.31,42.94,23.71,72.98,2,4,37.5,31.98
62.95,63.5,66.15,55.77,61.49,38.68,32.0,36.98,2,2,58.25,47.51
74.1,87.36,87.0,73.95,39.96,41.17,29.98,93.01,2,5,75.69,64.13
30.87,23.96,1.46,51.84,22.34,19.2,49.97,80.93,3,3,26.22,14.13
97.87,97.79,84.11,82.75,51.05,6.08,62.68,77.54,0,1,74.44,85.85
43.66,30.22,46.58,22.36,59.41,37.99,11.15,92.21,2,5,35.31,27.79
62.31,72.97,47.57,51.04,45.41,73.96,11.03,68.62,1,2,55.46,56.02
26.49,1.64,6.39,2.13,23.03,37.16,17.82,73.03,5,7,11.48,0.0
64.31,60.65,48.53,41.52,66.64,58.27,9.45,80.44,2,2,56.42,46.02
59.0,35.44,74.36,47.75,82.26,25.81,60.64,97.28,3,5,48.28,31.37
55.65,41.11,28.99,55.41,73.06,2.27,44.43,59.3,3,2,39.33,28.22
94.7,83.32,96.75,94.51,79.69,49.01,21.4,87.65,0,1,80.16,84.78
77.58,73.12,86.7,90.41,38.15,80.78,73.17,83.56,1,3,77.24,69.79
96.11,97.35,93.76,80.31,65.67,93.54,21.07,76.9,0,0,85.97,89.76
53.71,43.08,36.74,43.22,77.74,30.3,47.54,91.48,2,2,40.5,34.2
69.12,99.68,92.38,97.19,84.63,1.94,67.31,86.28,0,1,83.15,82.89
36.03,15.06,17.07,53.17,30.74,33.53,27.62,65.48,2,5,21.59,11.01
61.52,51.53,65.84,64.49,42.22,56.0,44.98,50.03,3,4,55.4,29.78
49.26,70.1,65.83,62.91,48.52,76.88,28.98,84.97,1,2,69.78,51.67
71.73,64.3,46.96,72.95,67.44,88.91,67.99,97.16,1,1,70.09,59.15
31.88,43.41,6.03,20.95,35.42,32.42,5.43,52.68,2,5,27.05,13.2
50.42,65.32,69.2,36.41,60.53,13.9,21.25,96.11,2,3,47.63,38.97
60.84,77.9,39.92,67.6,76.82,49.79,24.08,83.17,2,3,57.89,51.72
31.6,35.55,27.72,49.75,12.91,73.0,40.61,88.04,3,5,43.1,16.4
77.83,80.6,76.28,72.42,80.11,24.38,63.35,76.84,0,3,69.05,74.86
72.63,48.43,51.47,60.66,21.94,64.31,19.68,54.82,1,3,53.66,47.12
54.47,40.59,56.55,36.0,81.13,0.36,10.02,73.63,1,6,43.17,29.88
74.38,60.91,64.86,43.28,34.58,28.85,67.5,86.76,1,4,50.19,51.41
74.21,63.91,62.64,34.49,31.38,86.86,41.92,79.55,1,1,62.23,50.93
32.44,13.83,1.66,44.87,12.35,3.89,37.79,62.5,3,7,25.81,0.0
77.9,72.11,76.12,58.73,43.72,39.62,74.75,76.43,0,3,64.59,67.36
81.43,72.39,69.5,72.1,66.67,34.19,51.92,82.41,0,2,65.56,73.57
54.18,37.29,66.73,33.55,50.54,43.83,12.91,68.31,4,2,50.29,25.28
87.21,68.23,83.99,88.84,58.3,28.44,4.03,75.62,0,4,70.33,66.94
78.6,88.45,80.37,88.04,82.72,72.05,84.34,93.86,0,3,86.81,81.63
57.33,63.3,53.47,65.32,32.35,65.58,47.96,60.59,0,5,57.81,49.11
61.96,59.75,30.87,73.37,19.13,57.98,47.75,41.32,2,4,52.45,37.17
90.94,73.76,95.67,68.93,46.01,8.06,43.48,86.27,1,1,57.74,71.02
97.69,70.78,99.59,69.71,39.86,23.63,4.97,94.75,1,2,66.71,71.09
80.18,65.84,73.16,61.51,36.85,56.36,4.7,53.05,0,1,63.72,62.39
84.79,97.48,98.61,60.75,54.2,66.32,18.83,83.12,0,1,80.8,82.31
42.69,20.76,15.04,0.86,14.46,23.43,8.91,46.01,3,5,16.92,3.6
33.85,6.88,31.02,3.39,30.16,29.27,21.39,58.99,4,8,17.7,0.0
46.03,66.09,58.43,38.54,44.67,84.2,43.71,81.66,4,2,53.23,36.38
67.62,36.72,69.19,39.15,65.95,57.85,45.68,86.28,2,2,53.16,37.03
58.99,46.94,50.77,44.55,61.23,19.79,56.3,80.31,3,3,41.88,33.86
24.44,47.46,17.83,31.01,18.02,46.51,23.35,63.53,1,6,43.16,16.31
45.06,75.98,35.86,45.93,68.05,82.31,49.9,81.23,1,0,58.42,55.39
72.56,88.22,83.06,78.54,85.85,58.91,26.44,85.0,0,2,79.42,75.68
32.27,18.72,36.77,44.71,61.69,41.03,40.99,70.57,4,7,37.03,3.58
62.12,58.43,63.4,46.53,38.07,78.02,24.22,97.3,1,5,59.17,49.37
97.12,83.6,85.51,77.96,36.98,47.22,22.4,83.57,1,6,74.0,65.16
74.11,86.29,71.22,94.68,46.54,8.66,74.44,82.38,1,0,73.01,67.72
86.99,99.62,98.14,59.77,56.78,29.98,11.03,92.37,0,0,69.33,85.51
49.73,76.02,41.23,51.09,36.82,6.87,14.16,66.92,1,1,47.41,47.09
64.18,45.07,51.0,28.59,38.21,42.01,69.33,99.87,1,4,48.77,43.11
68.45,68.33,80.86,70.28,44.92,68.03,30.35,96.3,3,2,62.76,45.63
73.17,86.43,74.23,62.76,86.14,4.09,48.04,88.71,0,3,70.83,65.62
74.19,76.02,96.58,90.84,87.08,61.94,56.35,87.0,1,2,87.0,73.23
49.09,51.89,48.47,67.34,47.73,73.94,30.97,91.37,2,2,66.81,41.92
76.48,77.84,90.11,97.73,71.8,51.98,38.13,95.7,2,3,76.55,65.57
50.61,35.18,8.89,32.24,8.31,59.19,14.07,79.76,2,5,32.81,18.09
50.77,36.25,52.48,57.46,59.44,14.06,31.55,77.93,3,6,40.43,24.55
60.35,62.02,24.76,21.58,7.57,61.19,50.16,31.9,2,4,41.88,36.7
48.02,14.75,36.23,30.78,21.41,68.06,4.77,80.6,5,6,31.28,5.17
42.37,25.02,42.23,14.73,41.27,64.89,15.9,69.18,2,6,34.25,17.34
42.17,56.13,51.15,61.9,68.15,58.49,37.61,40.81,1,3,55.43,42.35
39.79,39.79,21.48,29.09,2.34,28.72,23.72,57.76,3,3,31.87,15.64
85.21,80.33,81.59,81.14,35.35,86.23,6.04,86.27,0,2,75.21,73.23
66.08,45.7,35.83,45.21,57.19,41.36,67.34,89.74,0,3,46.13,46.6
77.53,63.12,73.65,61.29,32.64,62.95,33.9,97.16,2,6,62.12,46.82
47.67,66.12,58.75,66.79,41.79,46.72,8.22,95.96,1,5,57.14,48.88
87.66,91.12,91.29,63.55,38.39,42.64,17.21,92.48,0,3,75.16,74.38
89.73,67.49,99.16,85.8,45.0,1.34,28.43,78.82,1,1,68.14,67.64
53.44,76.98,36.41,61.62,71.38,6.04,12.03,78.45,4,3,52.59,38.19
61.79,65.87,46.32,67.72,26.25,17.62,56.01,76.91,1,2,53.94,54.52
68.98,81.28,98.47,67.56,87.75,84.33,24.07,95.42,0,2,82.95,79.64
41.79,49.91,26.32,44.38,60.37,15.87,2.1,65.24,0,2,44.54,39.81
65.31,40.58,73.55,32.81,79.59,19.48,69.6,86.17,3,5,46.07,36.86
26.92,22.24,32.41,29.32,48.16,35.38,35.69,94.87,4,5,33.91,7.5
76.02,61.98,57.38,64.9,40.52,73.78,0.21,86.69,2,4,66.06,47.59
33.13,30.93,3.24,11.09,38.57,4.41,37.07,87.0,3,6,25.82,0.59
72.73,38.02,35.78,26.25,55.68,73.04,8.92,69.36,1,3,37.85,36.75
46.84,25.98,45.78,10.06,4.78,49.2,2.6,89.62,1,4,33.67,19.46
20.2,27.09,36.27,53.83,52.13,8.86,23.77,74.44,2,4,37.0,20.82
50.47,60.39,42.3,61.18,36.71,80.67,1.83,83.27,1,2,61.39,39.32
49.25,34.25,66.81,47.83,15.08,60.82,31.14,49.18,1,3,49.67,36.5
92.91,92.93,91.13,55.87,50.02,44.49,50.62,97.98,0,1,74.89,88.34
91.76,70.27,74.0,89.89,64.41,1.33,0.19,87.77,2,2,58.31,71.26
57.52,43.03,40.94,36.84,26.79,27.73,63.14,94.1,0,6,36.78,43.2
77.48,75.56,66.43,69.16,83.29,86.64,9.32,86.45,1,2,70.03,67.05
50.89,32.67,36.32,29.04,23.4,11.17,29.2,47.25,2,6,28.09,16.51
43.22,34.08,30.76,52.8,74.39,18.84,54.34,35.31,2,5,33.57,20.7
52.85,70.63,76.72,47.96,63.16,71.14,16.9,95.26,1,3,62.97,57.15
62.32,71.57,77.83,30.36,41.28,32.18,33.52,82.29,0,3,56.44,56.21
60.19,40.62,52.09,45.58,36.26,68.07,22.5,85.61,2,4,41.21,39.45
59.23,47.84,67.82,37.26,30.09,37.24,54.14,94.77,3,5,43.46,29.66
85.62,91.97,76.1,84.43,61.48,47.8,7.65,91.66,1,4,78.2,69.67
58.19,46.33,37.87,73.7,18.92,58.06,17.03,27.61,2,4,51.44,32.64
42.33,36.21,1.35,38.71,69.31,18.2,13.71,85.68,2,5,32.46,21.67
64.0,48.05,72.68,33.14,46.85,76.38,13.34,93.75,3,5,51.35,36.35
45.69,49.06,36.96,42.3,35.4,68.46,32.19,89.18,1,6,43.85,34.92
99.3,80.21,71.36,69.92,56.86,59.19,78.46,99.66,1,1,66.73,78.21
71.4,99.06,95.24,68.66,72.13,44.37,27.47,82.17,0,3,75.99,77.68
98.04,87.35,96.49,59.92,69.26,80.7,28.13,79.88,0,2,82.48,78.83
88.75,66.86,76.91,86.04,44.67,20.99,17.06,75.02,2,1,62.87,57.97
45.11,43.6,50.14,64.89,60.2,10.1,7.47,40.42,3,4,40.46,28.14
89.96,97.08,80.92,58.74,66.86,38.81,68.93,83.51,1,0,76.24,77.21
15.98,5.57,7.28,4.27,61.22,70.81,2.33,83.0,5,6,25.16,0.0
29.81,12.23,39.99,47.0,28.0,50.14,20.01,68.92,3,6,34.89,11.6
57.33,40.76,47.77,29.32,50.67,15.06,24.25,92.78,3,5,38.06,25.4
79.03,85.66,82.73,61.69,59.57,51.59,22.72,90.31,2,0,69.38,67.3
58.53,48.61,74.39,42.16,39.2,81.84,52.22,88.86,1,4,58.0,49.33
92.93,75.01,67.51,56.64,59.37,58.63,73.86,77.77,0,3,62.12,60.86
60.61,49.91,84.31,14.24,69.91,40.13,30.23,59.11,2,2,50.92,40.87
52.07,65.5,62.7,44.87,25.26,40.19,0.42,67.62,0,0,49.59,56.72
77.92,74.4,60.17,73.35,77.08,28.7,52.47,69.79,1,3,65.27,61.79
49.84,35.89,32.19,41.15,63.2,60.64,26.21,32.72,2,3,36.29,22.39
64.63,53.76,59.9,50.88,65.86,45.69,65.84,79.98,2,5,56.48,44.09
68.58,46.81,63.59,60.2,49.68,36.2,12.52,79.49,2,3,55.37,40.39
41.09,16.61,45.46,4.05,0.75,9.22,7.8,88.95,3,6,24.82,3.95
49.55,63.2,40.87,63.77,37.1,65.82,56.39,69.39,1,4,60.23,44.18
76.92,82.69,96.02,67.21,77.64,62.91,9.8,82.33,0,3,76.72,76.01
90.27,85.46,83.18,79.95,47.2,64.64,32.94,84.09,1,4,79.71,71.86
45.51,5.45,38.23,21.66,69.98,16.88,14.03,67.11,3,7,22.16,0.79
74.33,69.07,56.45,39.42,35.79,79.05,49.71,85.03,1,5,61.88,46.44
82.9,78.56,97.94,69.58,79.82,71.14,56.77,98.01,0,2,81.74,79.12
56.26,44.29,55.85,60.83,42.2,68.19,44.09,92.56,2,4,55.19,31.79
36.53,9.39,47.21,2.93,41.67,73.79,26.58,85.03,3,5,30.36,11.88
91.74,73.33,99.32,65.25,48.02,81.57,20.65,84.02,2,3,73.83,62.26
75.54,65.32,77.97,69.32,36.71,59.02,53.27,76.77,1,6,57.52,54.44
51.87,69.91,74.3,70.53,38.44,27.97,11.24,75.75,0,3,55.97,56.61
68.22,94.92,89.63,70.99,67.75,21.24,14.31,86.78,1,2,68.77,68.5
17.0,2.19,24.18,42.57,45.55,52.64,20.14,56.75,4,4,23.13,0.0
61.72,55.93,60.84,46.87,80.17,75.59,61.54,87.03,2,6,67.05,44.41
45.84,35.32,71.62,27.32,56.49,55.35,13.87,96.35,1,4,48.32,39.81
78.12,78.93,73.6,99.95,47.63,78.91,13.53,99.51,2,3,72.52,69.45
21.54,27.46,30.23,33.15,3.88,12.65,8.06,60.1,2,4,24.66,16.57
54.12,56.64,47.66,42.18,52.17,45.52,68.9,72.82,3,3,43.59,35.71
86.6,79.58,66.81,96.99,57.75,74.47,35.39,98.43,0,2,75.41,73.09
77.83,58.89,64.64,57.17,74.68,77.56,39.43,75.31,2,1,71.09,50.66
77.22,82.85,94.28,62.73,68.67,71.57,79.56,77.92,1,3,76.82,72.18
65.55,48.19,53.56,52.71,58.15,3.77,30.76,72.48,2,2,46.7,43.11
83.29,95.61,82.5,57.49,37.19,21.6,71.64,90.54,1,0,74.23,72.99
47.63,24.17,49.19,15.22,46.09,6.6,23.7,55.87,4,5,32.68,3.33
54.96,77.62,75.4,31.28,49.91,58.4,51.34,77.82,2,3,58.57,48.86
11.97,8.72,2.67,10.57,0.3,37.82,26.42,77.89,3,6,11.03,0.0
10.95,26.52,49.22,31.49,42.59,51.12,6.12,78.75,3,7,36.74,9.59
32.8,12.87,9.47,9.36,32.14,12.76,0.99,47.6,4,7,10.81,0.0
98.81,96.88,79.17,75.19,55.63,3.6,24.89,78.07,2,0,65.13,70.93
59.6,40.92,35.19,34.65,39.15,72.02,64.08,79.21,2,4,45.8,34.22
82.0,84.77,69.85,68.2,51.83,24.82,39.16,91.33,0,1,72.15,75.08
47.05,46.1,69.57,62.59,77.55,54.19,29.6,79.93,2,4,55.87,41.07
52.32,27.98,41.31,66.54,68.77,39.23,57.38,57.38,1,7,45.09,30.31
68.75,42.64,66.45,72.88,43.16,88.75,26.49,71.99,4,4,55.15,31.82
55.96,54.28,72.09,58.41,70.74,52.51,69.4,73.45,1,6,66.89,41.03
24.09,0.61,34.77,54.93,20.62,13.8,14.09,66.27,4,6,19.49,0.0
97.37,79.24,76.49,58.89,69.88,82.06,3.5,78.63,1,1,67.16,68.92
70.27,66.93,45.61,33.04,46.47,69.8,48.65,88.3,1,3,52.96,48.45
34.46,14.91,3.82,39.79,52.41,49.96,10.19,90.66,3,5,30.47,5.3
62.99,50.0,43.64,63.24,48.35,6.18,8.53,58.31,2,5,40.79,36.52
23.26,7.27,54.84,1.66,41.81,48.77,34.09,57.78,5,8,33.51,0.0
42.9,9.45,13.09,42.85,6.02,14.31,22.78,91.51,2,5,14.81,4.11
58.58,48.42,49.0,59.39,27.45,61.36,14.08,78.45,1,3,57.66,38.88
75.25,93.63,74.37,89.86,53.22,17.93,61.82,86.71,1,0,75.06,81.68
61.15,68.77,35.26,71.62,63.76,85.56,57.22,97.47,2,5,72.98,46.66
69.15,38.95,70.69,35.21,81.64,14.0,9.04,93.42,3,6,38.55,31.69
24.79,26.87,24.51,0.32,40.21,56.06,8.73,91.58,3,5,30.99,6.55
89.93,68.87,68.72,88.3,38.04,76.93,67.67,78.53,1,0,70.21,68.78
44.76,65.97,28.34,23.62,33.82,45.85,59.93,25.96,1,4,36.12,33.46
76.38,33.59,46.79,58.48,23.45,53.06,14.23,36.97,4,4,48.04,25.72
76.16,70.99,82.74,60.07,69.43,83.12,30.81,79.21,1,4,75.97,59.95
60.45,49.07,39.74,74.06,35.56,17.35,10.19,84.96,1,1,42.7,47.21
49.4,36.89,82.05,62.69,25.74,67.31,31.13,37.83,1,4,52.95,43.41
45.03,76.36,58.63,54.92,60.99,49.56,20.3,99.01,0,3,66.67,56.24
79.21,71.16,88.17,94.56,51.65,31.62,56.98,78.73,2,6,64.75,58.26
46.61,64.74,30.15,22.62,65.94,11.84,1.13,43.55,0,4,40.14,42.5
45.73,37.61,38.4,21.15,22.7,53.77,35.84,92.53,2,5,30.8,27.28
71.11,60.14,35.41,53.49,63.02,82.37,28.96,85.11,3,4,61.12,38.14
60.76,58.39,23.74,48.87,32.19,56.72,2.83,51.3,2,2,44.63,40.63
72.58,61.04,37.96,47.15,43.71,57.75,43.02,65.36,1,4,53.09,44.66
58.9,42.73,53.09,28.56,31.79,60.18,18.38,89.9,2,2,45.19,37.5
25.77,31.14,12.52,31.92,5.69,32.6,9.14,89.17,4,6,23.41,1.77
97.18,92.98,69.66,88.6,58.02,1.46,44.91,78.25,0,2,69.33,80.02
44.96,30.76,47.79,19.89,38.44,38.69,45.19,53.25,1,4,42.3,32.21
50.72,60.11,53.08,25.76,29.19,17.57,53.85,96.22,2,4,43.56,31.28
22.23,6.19,49.54,46.97,3.76,61.78,4.86,48.16,3,6,33.4,1.59
12.42,30.8,42.47,30.28,68.81,51.45,5.21,54.91,3,7,35.01,4.52
12.7,3.43,48.88,44.02,61.71,48.79,16.13,90.32,4,6,34.46,0.0
42.33,82.14,59.83,53.42,68.55,30.46,43.17,48.69,1,2,63.42,54.4
98.53,98.9,98.86,56.66,56.03,72.17,64.0,77.15,2,1,83.77,71.96
70.56,96.88,91.06,96.93,60.85,39.26,30.46,90.41,1,0,84.86,78.53
84.86,72.82,66.31,86.85,65.19,68.77,7.45,99.89,2,0,64.77,63.71
46.93,40.73,44.65,25.47,57.4,51.8,6.62,50.71,2,4,41.42,27.41
26.64,20.7,33.29,41.82,39.5,38.16,36.35,80.26,2,6,34.58,12.34
89.73,90.08,83.33,90.72,51.51,19.18,29.81,85.25,0,0,65.71,87.33
50.23,64.53,45.67,51.27,72.51,60.38,20.89,76.65,1,2,55.12,42.89
60.62,43.53,51.21,41.64,41.24,51.07,32.36,96.12,1,5,34.89,40.57
75.59,26.42,36.33,12.82,61.56,46.51,30.82,45.51,3,8,33.8,16.05
38.27,16.61,45.44,39.35,8.98,14.64,31.86,59.47,1,6,30.2,12.44
50.82,65.64,47.08,40.58,38.41,70.67,67.19,82.24,1,3,58.43,47.3
98.93,85.6,83.12,93.13,36.52,73.83,9.91,96.02,1,1,84.44,78.08
93.53,81.27,95.85,83.59,69.29,27.76,11.36,99.03,3,2,74.0,66.39
71.33,68.42,72.36,39.65,52.95,0.84,52.28,75.58,0,2,58.95,63.33
11.93,49.62,13.63,17.02,17.45,20.06,27.63,56.99,2,3,24.23,15.34
49.88,70.09,36.6,38.21,28.42,60.07,25.79,87.82,2,4,54.93,36.31
66.16,58.48,38.24,58.4,43.53,1.3,10.89,82.41,2,4,54.83,37.43
65.49,69.37,51.58,27.34,57.13,89.59,67.83,72.74,1,1,58.19,53.54
62.79,70.58,49.47,58.35,46.97,3.85,26.46,98.25,2,3,47.02,43.69
61.88,47.58,57.74,63.04,64.59,65.51,27.33,29.4,1,4,51.72,38.76
45.87,39.14,47.15,41.8,49.23,0.76,31.31,51.02,3,3,34.67,26.29
81.01,78.6,28.64,67.09,62.9,69.69,9.1,29.32,2,2,62.3,56.46
68.66,99.79,95.68,96.06,50.65,20.91,36.2,86.33,0,1,78.75,82.12
76.52,82.57,80.11,79.53,81.7,21.4,2.35,75.96,0,3,70.49,71.48
26.93,7.73,22.08,18.28,60.9,36.5,11.31,59.44,3,7,26.29,0.0
93.95,83.32,86.9,71.1,38.78,81.34,16.31,75.83,1,0,67.52,77.98
52.97,49.99,66.36,28.32,31.99,55.46,42.49,99.04,0,4,49.41,47.25
51.53,71.32,70.91,46.48,83.0,88.18,9.05,77.87,2,1,67.26,52.6
54.34,70.76,45.14,18.57,64.74,0.03,3.36,38.48,1,0,39.49,49.37
68.17,83.72,69.08,67.94,70.27,68.89,22.39,83.23,0,3,73.01,67.63
51.25,41.74,39.12,57.01,61.72,58.51,54.13,76.42,3,0,52.58,31.52
54.34,53.17,39.17,47.56,27.59,0.36,65.2,89.13,3,1,46.93,32.56
35.3,23.01,19.01,38.42,68.67,31.86,19.61,66.41,4,2,34.01,14.32
59.22,36.58,57.7,65.57,64.63,17.86,50.96,90.18,2,2,43.7,42.58
74.23,82.01,66.55,73.7,78.35,14.13,39.1,99.74,1,3,65.22,61.25
54.57,36.35,71.38,26.62,70.0,34.38,41.91,73.67,3,5,49.13,23.34
59.67,44.29,59.3,32.3,55.58,10.21,33.99,75.91,4,2,39.47,20.38
19.48,17.6,4.13,23.14,46.81,62.86,28.3,77.0,2,5,26.35,7.52
98.0,98.72,86.57,72.04,80.83,19.45,36.5,83.93,0,1,75.0,93.04
53.1,73.05,40.95,27.72,67.27,40.8,58.69,67.61,0,2,52.06,58.29
87.0,65.9,66.24,87.72,46.56,62.36,63.74,76.48,1,3,68.38,66.51
33.55,25.23,53.27,18.4,62.35,53.98,46.43,90.39,4,5,44.7,9.46
21.71,48.26,11.24,27.48,36.5,12.14,36.13,49.44,2,6,40.02,7.02
95.07,98.32,70.34,86.13,62.82,50.49,60.05,87.22,1,0,78.71,87.7
87.12,71.45,94.63,81.06,57.17,23.73,37.13,98.94,1,0,64.94,73.68
56.12,41.49,65.69,68.65,79.34,79.27,31.62,74.94,2,5,55.03,39.33
70.87,50.99,37.78,42.49,24.61,75.42,30.48,42.47,1,4,45.48,40.38
25.08,21.63,11.31,30.44,49.14,66.09,2.58,93.67,4,5,35.49,0.63
22.24,23.14,38.82,47.96,46.1,56.48,8.67,88.87,2,5,42.95,15.05
88.03,76.16,69.67,82.05,76.74,75.35,13.22,88.92,0,1,77.98,76.7
51.42,66.14,76.38,35.44,63.95,19.07,1.26,91.55,2,4,52.17,43.31
51.7,72.76,64.71,42.06,56.67,60.25,54.8,67.81,1,1,63.43,57.45
81.16,80.46,68.82,96.25,67.95,36.91,43.09,82.85,2,3,63.76,64.88
44.14,11.28,8.42,37.96,32.8,51.28,38.03,59.77,3,8,26.83,0.0
29.83,36.19,28.07,39.21,15.75,55.41,35.76,58.33,1,6,45.17,15.44
65.04,77.65,59.44,30.75,27.73,71.13,29.65,73.64,3,2,55.83,41.24
50.91,44.43,14.0,36.25,1.44,74.33,13.05,78.24,3,4,43.03,20.14
60.58,51.09,60.21,70.74,44.62,52.13,61.42,92.05,1,4,54.91,45.71
70.95,41.38,42.71,62.61,33.97,42.25,51.22,87.79,3,4,50.64,35.38
75.03,76.99,99.98,68.62,36.45,48.73,7.11,81.85,2,1,64.96,68.24
71.93,85.55,82.7,88.43,84.08,23.43,78.45,87.95,0,1,73.49,80.16
21.76,43.17,13.22,46.19,5.5,11.99,19.05,87.7,2,4,39.15,15.69
48.9,75.61,53.84,59.52,59.52,45.15,43.16,96.44,2,2,61.81,45.71
65.62,54.07,67.58,73.45,82.59,73.87,42.12,91.23,2,6,66.1,46.54
75.6,55.82,36.52,55.04,32.61,64.27,59.97,37.92,3,3,46.69,36.86
71.66,74.51,70.6,87.95,40.81,82.27,18.79,77.71,1,4,70.74,61.59
99.53,69.39,79.42,93.32,48.47,25.36,68.72,81.83,1,2,68.55,72.12
34.49,10.08,38.5,37.25,4.23,66.06,28.97,84.62,3,8,37.01,5.92
45.78,70.18,43.86,41.95,62.69,9.0,5.04,65.9,1,2,47.11,49.27
32.05,26.05,20.73,32.99,67.12,59.1,21.21,61.62,3,5,28.32,10.32
43.86,23.85,10.58,46.46,25.73,24.05,25.5,66.75,2,5,25.16,15.85
82.63,88.12,96.07,81.72,80.35,21.16,29.99,98.55,1,3,79.61,77.36
96.56,93.64,80.97,67.57,53.86,11.7,61.35,88.92,1,4,64.65,76.25
61.31,42.17,57.86,55.3,34.44,13.93,59.94,75.9,2,4,52.11,27.4
36.26,22.47,21.65,20.85,29.29,9.7,21.2,64.47,2,5,23.07,5.2
32.79,42.7,43.78,5.41,68.39,1.11,29.84,84.63,3,6,30.58,12.43
71.04,68.44,86.38,78.66,60.05,65.73,1.43,81.77,1,2,72.91,64.98
47.18,20.68,13.38,2.42,41.38,68.24,33.89,60.86,3,4,32.25,11.21
56.5,60.07,54.98,73.86,55.98,34.67,27.65,84.18,0,1,57.13,58.29
47.01,63.18,56.71,47.65,68.16,68.24,59.24,78.12,3,3,58.25,37.66
70.5,43.17,58.9,32.91,49.44,59.76,34.52,78.29,2,3,49.16,41.94
71.01,42.22,47.29,41.9,31.35,45.16,13.46,87.2,1,2,46.46,42.46
58.02,27.0,57.33,46.29,1.12,68.9,37.2,52.55,5,1,40.0,15.39
50.36,37.4,62.36,74.17,78.75,63.19,69.34,90.3,4,3,59.32,30.26
98.51,99.85,77.98,86.92,57.43,13.25,28.64,80.83,0,3,80.99,81.07
39.01,44.49,54.35,33.04,38.82,3.47,38.91,45.85,1,6,32.91,32.21
84.0,65.91,76.49,85.5,40.98,5.97,55.44,84.94,1,1,56.7,63.95
87.48,86.99,86.78,69.48,38.51,19.95,13.13,78.1,1,1,73.6,66.18
62.39,64.92,48.64,48.88,74.03,67.08,56.59,99.56,0,1,67.66,58.38
41.49,44.29,19.21,35.94,19.62,44.59,37.56,84.55,3,4,34.41,20.43
97.19,75.81,99.12,65.87,74.77,54.52,59.23,91.1,2,2,72.85,75.99
90.66,82.29,84.2,81.85,56.04,73.52,61.5,92.86,0,2,73.35,84.86
88.22,90.09,81.7,67.97,65.25,34.65,77.28,83.92,0,3,72.68,78.11
62.75,42.45,60.7,53.37,71.42,32.54,17.41,98.29,3,4,53.19,36.67
39.62,48.44,53.11,15.09,53.65,23.76,31.46,74.89,2,4,39.24,27.34
97.02,83.15,92.89,92.72,75.42,37.18,73.43,93.55,0,1,74.3,85.32
56.36,73.69,23.5,10.08,39.62,5.89,58.59,25.2,3,1,41.42,29.39
68.86,84.37,99.53,99.09,53.55,45.86,8.54,88.05,2,2,72.73,66.05
75.33,72.35,69.34,62.47,69.43,9.76,62.78,97.18,1,3,60.12,61.01
80.23,47.92,41.18,43.15,21.88,78.37,13.27,38.66,1,4,45.54,36.89
86.69,79.23,70.97,55.56,50.03,5.87,32.03,95.26,0,2,54.18,72.38
19.12,15.18,29.14,43.82,32.33,17.08,49.67,50.78,2,6,24.68,8.87
88.24,91.49,91.1,67.22,44.96,31.17,40.79,89.34,0,1,70.49,79.32
56.07,45.1,35.44,41.97,40.37,51.47,4.36,74.47,1,4,37.01,38.33
98.65,85.45,88.77,78.91,79.36,85.16,32.53,92.25,0,1,83.42,86.44
75.82,42.45,84.85,30.61,34.41,68.1,18.28,41.67,2,4,48.0,42.11
15.71,11.64,39.13,8.59,29.54,53.47,38.27,49.74,2,8,30.88,0.7
35.24,27.92,40.41,54.96,40.5,60.65,37.21,87.79,4,4,41.95,11.04
63.83,69.32,75.06,45.87,68.08,17.71,37.42,65.76,1,4,62.09,51.14
45.19,39.97,76.84,71.12,44.51,23.3,30.55,89.15,1,2,50.84,44.71
50.38,63.33,57.65,38.54,58.23,44.34,55.72,98.46,1,3,61.35,45.85
56.35,35.24,77.23,55.33,49.14,48.94,2.84,71.08,4,4,47.93,25.01
71.9,37.94,64.71,60.78,41.51,17.61,14.97,71.93,2,4,47.19,40.58
78.22,71.72,99.6,68.63,47.21,18.69,31.78,90.15,0,5,65.9,70.08
33.9,14.49,38.7,45.1,32.58,74.04,43.95,54.85,3,7,35.63,7.83
35.66,26.89,2.69,24.66,63.56,53.38,2.55,89.2,3,6,30.81,5.01
78.25,87.01,96.95,71.1,82.3,87.24,1.79,80.99,0,2,80.41,80.35
69.41,65.9,38.69,32.91,32.96,83.92,63.95,92.91,2,1,59.66,51.12
94.53,70.06,87.62,99.28,72.79,7.53,77.17,91.08,0,3,71.51,78.58
59.93,38.12,68.84,31.32,48.67,34.81,19.6,79.09,4,3,42.01,35.54
56.55,44.62,23.09,12.4,29.47,74.42,43.84,37.92,3,4,35.47,21.14
96.34,77.64,88.03,72.51,84.6,61.03,41.5,78.3,1,2,76.75,74.43
78.05,83.79,76.89,76.45,49.54,12.36,3.13,78.94,2,4,66.09,57.57
15.93,13.81,36.07,26.35,53.91,67.28,41.17,54.21,4,4,32.01,0.0
49.02,75.42,54.86,63.48,41.13,11.67,4.75,60.42,2,3,55.84,43.24
37.95,32.14,71.33,45.71,9.64,2.76,13.45,34.65,2,3,28.71,19.78
53.33,44.16,84.99,60.01,40.3,20.38,19.28,44.07,1,4,44.43,43.86
51.98,67.89,66.7,29.76,60.7,59.24,58.49,72.21,1,5,57.94,49.31
77.05,82.37,91.21,63.4,89.6,15.34,50.95,98.22,0,1,68.1,76.38
81.89,68.13,77.52,65.07,85.4,83.61,69.61,92.85,1,3,76.03,64.58
60.6,56.03,45.32,40.71,50.1,54.29,66.91,83.85,1,2,61.26,46.38
63.89,36.65,73.97,72.64,25.21,19.15,12.61,92.35,4,3,51.85,36.17
57.78,57.42,55.65,38.73,50.47,81.75,35.2,97.07,1,3,54.87,46.38
68.63,70.63,65.76,97.62,90.0,72.41,9.19,97.47,0,5,74.85,67.04
84.05,90.63,71.59,74.97,64.29,69.88,81.98,96.21,1,3,84.61,74.59
90.35,90.07,82.94,94.17,71.98,34.45,1.67,76.48,2,0,73.41,70.68
92.98,92.0,78.4,62.76,41.1,8.28,33.26,76.14,1,3,64.46,62.67
76.58,98.13,78.42,84.18,88.69,52.32,25.95,88.3,0,3,81.05,79.31
22.53,11.06,37.57,50.57,20.94,24.12,42.71,89.67,3,4,23.26,4.24
74.17,36.58,62.26,70.31,83.6,58.51,66.49,67.65,1,4,52.59,48.5
68.58,77.84,74.05,93.11,43.83,75.11,47.13,84.43,1,4,68.87,60.99
74.89,70.31,69.88,55.81,78.28,26.94,49.26,79.16,2,0,57.03,57.74
74.61,77.38,68.48,28.26,44.36,80.69,53.78,90.98,1,2,63.39,63.34
67.6,66.23,71.32,40.99,69.51,9.58,9.66,79.61,2,1,51.96,52.0
31.37,35.1,48.78,31.73,8.14,0.19,24.85,92.46,3,2,30.8,19.46
68.26,64.85,45.92,28.19,48.1,28.54,49.02,93.69,0,3,47.86,55.42
43.32,38.82,7.83,30.31,29.59,74.36,32.7,91.76,2,1,35.54,29.36
31.49,49.6,9.56,51.44,28.11,35.1,26.43,58.27,1,3,32.9,22.25
28.97,42.54,1.31,45.89,34.81,50.49,18.7,63.43,2,4,32.89,12.15
55.49,70.7,39.79,53.88,34.6,47.54,38.68,87.48,2,2,56.63,40.06
66.98,53.7,68.51,46.3,39.15,24.63,3.17,83.9,3,3,46.24,33.42
12.38,19.96,47.11,21.62,8.25,19.95,30.0,52.6,2,4,20.52,12.96
26.66,36.92,24.22,5.05,30.84,38.08,22.89,85.81,2,4,36.62,13.46
22.09,40.59,47.13,14.7,63.2,63.65,21.22,90.45,3,5,33.75,17.99
76.09,45.95,47.09,56.74,25.23,65.48,26.42,99.22,3,5,43.0,38.36
67.15,50.66,33.03,66.79,15.12,56.53,45.8,35.9,2,2,46.4,35.12
45.56,27.03,13.15,39.21,35.04,13.26,20.62,76.74,2,7,27.71,12.86
74.24,93.15,77.4,76.75,47.26,65.18,66.39,83.49,1,1,76.81,73.89
20.53,27.7,17.51,30.47,46.15,72.96,22.78,77.41,2,6,36.13,16.62
93.29,70.13,93.15,63.36,88.19,65.17,7.66,92.33,0,4,71.71,67.93
23.74,43.81,14.79,3.84,41.99,8.03,13.83,70.36,2,3,30.39,12.46
34.41,24.17,14.37,43.56,13.78,18.17,42.08,82.06,4,4,27.78,0.71
73.9,85.61,89.3,56.5,37.38,24.82,7.1,88.55,0,2,66.83,71.31
47.85,26.76,41.41,56.05,4.49,28.78,17.88,33.12,2,6,30.24,17.39
72.79,78.42,87.96,81.28,39.07,91.05,25.93,83.97,2,4,73.18,58.53
87.8,94.01,82.82,71.3,89.16,13.39,34.93,96.83,0,4,73.49,81.93
55.12,64.1,45.63,62.89,43.19,67.64,11.63,31.84,1,3,56.95,43.57
47.31,42.34,61.78,40.28,37.88,20.6,15.04,86.8,1,4,34.95,36.44
54.45,42.22,78.78,52.59,46.05,70.94,3.51,55.99,2,6,53.28,36.43
41.67,40.57,64.92,56.16,12.06,65.13,30.62,56.39,4,2,47.98,24.96
45.47,68.54,73.68,66.94,82.5,81.28,31.08,78.94,1,2,64.69,56.0
98.24,98.15,88.31,93.58,65.86,89.69,7.98,96.6,1,2,86.1,80.07
98.47,84.58,96.42,67.51,36.43,73.69,59.7,88.64,1,1,65.54,80.25
38.43,18.07,0.12,13.25,53.47,53.24,16.55,76.28,4,5,29.58,0.0
83.59,78.55,90.53,98.3,67.55,56.16,31.01,89.12,1,2,68.66,73.76
47.76,71.0,42.32,45.53,75.42,41.2,65.18,72.33,3,0,56.3,39.31
69.79,74.08,65.23,71.8,60.32,51.94,21.32,89.84,1,2,62.85,64.26
49.45,7.83,7.01,22.71,8.79,73.53,21.22,71.68,3,7,20.39,3.72
75.76,99.25,99.62,64.47,68.84,7.31,49.08,78.15,0,0,72.46,86.75
78.85,67.28,74.26,99.56,37.45,81.6,6.58,88.22,0,4,73.21,64.06
40.48,34.96,1.44,14.3,58.79,45.06,30.11,59.8,2,5,39.19,13.93
62.37,45.0,45.81,57.15,28.22,46.3,42.63,32.23,1,1,48.54,40.65
59.52,62.94,73.82,65.01,74.46,23.26,29.36,84.38,2,3,54.86,50.98
77.07,76.83,86.17,81.26,49.06,19.61,70.24,77.32,1,3,71.45,65.04
50.89,43.57,11.81,13.27,24.13,29.36,27.65,56.63,3,4,30.61,13.8
44.51,48.57,82.7,54.85,44.42,43.17,4.53,58.05,2,2,54.37,40.48
92.17,82.83,66.19,72.96,86.07,35.52,35.12,90.6,0,1,78.5,73.64
77.48,56.15,60.61,23.83,33.6,16.22,1.32,61.29,2,2,40.78,36.75
56.06,62.41,76.32,46.43,83.4,60.1,42.5,73.3,1,5,57.68,52.08
23.04,39.18,18.04,50.65,18.76,10.32,34.9,53.14,3,4,35.39,5.83
63.57,78.62,27.16,70.15,39.0,53.47,22.37,27.19,1,0,51.4,56.71
72.95,67.56,78.69,57.35,56.71,13.15,62.09,95.83,3,5,59.18,42.97
47.76,70.58,75.41,58.3,82.87,84.07,13.62,90.59,2,1,71.29,60.31
21.21,18.57,23.24,41.11,64.8,24.11,23.63,74.66,3,5,35.79,8.03
75.19,50.02,45.74,62.14,81.95,41.32,0.6,89.09,1,3,50.72,50.14
68.26,51.9,44.42,48.2,70.14,10.75,48.42,88.36,0,2,47.61,54.94
77.87,72.17,84.15,96.34,82.87,29.05,36.43,75.91,2,2,69.12,67.81
90.38,84.88,93.05,76.4,45.55,60.79,6.82,89.61,1,3,69.98,74.87
69.21,42.04,59.36,58.59,46.29,74.88,35.75,86.94,2,5,57.13,41.36
72.96,36.98,54.15,61.75,50.6,9.24,53.73,30.95,2,3,48.91,33.27
77.39,40.14,67.55,41.72,32.02,37.97,38.41,72.21,2,4,47.71,35.71
27.18,21.15,27.32,31.15,7.58,23.45,8.59,64.29,2,7,20.15,8.08
28.27,22.39,38.58,3.35,37.81,41.05,37.84,94.13,2,5,31.86,7.69
49.16,41.27,10.39,39.19,61.61,51.08,34.29,70.01,2,5,35.73,19.68
75.27,45.03,26.08,28.21,63.21,52.47,58.0,37.68,3,3,44.13,25.0
45.26,36.08,72.94,57.26,70.78,70.56,29.43,92.95,2,5,57.57,32.17
58.62,72.14,35.95,46.7,65.8,9.94,55.46,97.97,2,3,50.36,43.33
98.47,96.24,87.95,79.81,85.56,62.27,55.96,96.09,0,1,84.97,89.4
56.91,54.27,69.48,45.83,26.53,25.47,16.22,92.78,3,3,45.11,34.92
94.46,84.27,92.08,92.72,86.81,6.03,67.93,92.72,1,1,78.68,79.18
62.38,41.86,74.32,52.83,25.37,1.65,54.43,70.67,3,3,47.02,34.49
98.28,95.11,75.08,78.8,62.53,91.2,33.49,89.06,0,0,83.4,88.8
57.07,76.61,52.86,31.81,75.04,73.88,48.64,91.21,1,2,64.49,52.35
69.74,38.84,27.24,71.68,8.41,20.57,10.96,25.28,1,6,39.36,30.93
33.15,37.18,36.39,33.47,45.48,59.94,35.51,84.59,2,5,37.41,19.96
22.8,12.19,47.69,13.59,29.09,27.59,44.9,67.76,3,6,26.87,0.43
26.81,47.54,28.85,1.24,18.2,46.63,7.84,74.2,0,3,32.71,34.38
49.63,53.83,55.91,56.87,56.47,3.92,61.01,80.98,3,3,47.25,33.21
58.55,58.06,37.18,39.95,84.27,59.6,29.33,72.78,1,4,54.06,45.58
12.93,5.75,34.86,31.41,48.02,13.35,36.33,91.8,3,7,25.69,1.05
77.67,96.7,79.39,93.91,62.98,49.11,0.44,90.93,2,3,78.77,69.12
45.48,47.24,77.55,27.87,44.16,28.93,26.56,88.97,3,6,48.82,28.65
81.04,32.18,42.35,23.52,14.01,39.28,33.83,40.75,2,5,35.13,25.71
89.01,80.99,89.11,81.86,83.91,6.36,29.72,99.64,0,2,73.8,79.87
42.6,34.69,7.47,33.45,54.38,64.91,12.31,51.37,2,4,35.97,22.33
55.78,35.49,36.52,64.63,54.38,13.47,25.1,70.79,3,4,39.92,28.15
60.77,53.06,40.53,26.94,27.13,31.52,50.32,69.59,1,1,41.51,41.17
69.8,83.6,66.39,91.12,62.11,69.16,63.81,87.67,1,1,73.29,69.97
52.37,57.83,51.27,49.02,70.79,24.66,37.62,76.73,2,3,52.47,38.18
91.18,84.86,79.05,86.23,82.11,73.98,46.36,93.07,0,1,89.57,83.61
76.64,70.81,78.74,63.69,67.75,9.65,22.94,91.64,1,2,65.46,65.69
47.61,39.42,76.65,58.96,70.15,60.82,12.57,80.69,3,1,51.97,32.01
98.66,73.83,90.43,65.4,68.88,62.63,27.92,95.47,1,4,74.62,68.22
64.56,55.53,60.81,31.78,49.53,15.99,19.61,69.47,2,3,44.47,40.72
48.2,44.02,45.27,54.57,41.05,72.19,47.44,60.66,4,3,48.4,22.96
58.2,62.52,66.73,68.99,77.55,64.92,66.98,71.25,2,1,69.92,51.13
57.87,38.51,62.87,61.56,35.45,62.5,12.53,69.81,2,5,50.89,32.46
34.84,39.87,53.71,21.5,10.5,10.15,29.87,72.36,2,4,39.44,21.8
74.85,78.56,94.86,81.82,38.72,44.93,7.68,85.16,1,3,72.9,58.95
10.95,15.21,48.38,37.97,12.04,36.81,36.1,91.87,3,5,21.02,4.43
70.64,36.55,68.69,60.32,70.12,22.03,27.55,69.19,2,4,51.4,37.1
96.85,92.44,77.06,97.64,48.14,38.65,69.15,86.07,0,0,77.69,90.1
59.23,46.35,58.02,35.97,77.05,67.26,28.72,91.15,2,3,58.78,38.64
50.44,19.0,19.28,33.58,19.69,10.6,48.08,85.48,4,4,26.56,3.37
41.5,32.03,24.48,59.73,58.94,55.63,3.2,51.76,2,5,42.41,21.94
77.0,55.41,51.0,58.66,64.03,0.22,43.29,73.53,2,6,46.36,43.15
84.18,76.18,96.95,79.05,82.63,37.07,70.33,76.41,2,3,77.42,66.4
36.25,26.62,31.33,35.13,57.86,44.77,37.43,59.05,2,5,37.11,17.56
72.52,77.79,79.99,97.0,80.99,44.09,82.7,91.06,0,4,82.35,73.89
90.57,69.14,84.17,86.32,36.77,42.63,58.15,97.24,1,4,75.6,64.51
68.47,70.1,48.04,74.64,79.52,43.7,50.6,83.34,1,1,63.41,55.56
75.28,52.13,73.16,48.12,42.33,81.06,39.25,77.62,2,1,58.17,47.75
55.15,37.82,46.39,45.43,84.54,35.37,6.24,85.34,2,5,50.99,34.7
51.79,1.66,45.92,47.14,64.17,35.86,39.39,54.75,2,4,36.37,17.87
52.14,48.83,63.55,58.84,69.48,11.39,57.3,89.09,1,3,58.6,50.22
74.64,65.86,68.26,66.98,80.1,50.03,36.08,91.55,1,1,71.94,64.58
57.79,58.94,76.71,40.71,56.21,43.23,50.17,90.56,2,5,61.43,46.66
77.48,50.69,56.4,48.73,51.02,76.11,10.87,84.87,0,3,46.94,58.19
24.65,43.0,52.72,14.15,42.71,21.14,32.48,49.68,3,5,40.36,14.24
30.83,31.26,17.36,8.02,30.48,70.8,11.39,78.79,2,7,35.47,4.72
48.72,49.86,50.06,51.11,83.34,42.3,64.01,81.15,0,3,53.08,52.25
38.5,28.92,27.02,21.85,42.85,9.35,8.13,60.16,2,3,25.91,18.13
81.88,54.26,52.2,60.27,2.71,34.16,5.99,39.83,0,3,39.33,48.49
69.89,63.34,54.95,39.63,56.21,23.26,34.07,70.11,2,5,48.13,34.43
98.8,80.64,77.33,56.31,81.38,59.45,35.39,81.14,0,4,71.4,74.36
68.2,91.04,99.35,99.68,78.13,15.41,83.11,83.2,2,0,80.61,75.36
71.43,71.9,45.37,14.28,59.45,47.77,54.56,29.29,1,4,45.67,46.71
48.88,54.62,21.88,26.44,28.05,47.5,28.25,38.49,3,1,43.71,21.98
42.67,41.27,11.51,29.66,63.0,29.4,21.49,94.24,2,3,31.04,23.39
29.73,42.64,49.91,47.99,4.51,56.76,46.08,76.07,3,4,48.93,18.96
75.55,75.84,77.65,48.82,35.65,43.92,7.16,95.54,0,2,56.66,64.77
39.54,4.12,8.79,21.58,7.1,70.05,32.61,49.74,3,3,14.22,0.0
82.89,94.53,97.48,70.41,70.33,21.55,47.62,81.35,2,2,73.01,70.82
70.63,39.11,66.84,39.12,33.14,61.04,32.89,83.55,2,5,44.77,33.09
11.98,18.92,33.71,36.12,57.98,31.55,27.41,73.93,3,4,33.1,8.33
88.17,85.2,78.99,92.51,73.41,2.16,66.02,87.67,0,0,74.6,84.57
65.49,61.35,24.54,28.16,33.52,50.45,30.77,53.23,1,1,44.64,44.5
47.32,4.21,38.35,53.28,40.16,16.3,49.94,53.73,5,6,25.12,0.0
75.62,55.57,57.13,69.33,74.07,21.57,0.9,87.03,3,3,58.49,38.34
33.73,43.17,43.13,36.74,46.53,49.67,26.26,68.2,2,1,38.45,30.15
37.13,17.11,19.6,13.57,67.33,64.52,28.05,65.08,2,5,38.3,10.69
86.2,72.11,86.15,90.16,42.6,41.86,58.54,95.85,0,5,65.64,74.88
33.33,13.97,41.49,28.48,12.43,42.23,47.42,80.28,2,4,28.22,15.95
53.16,49.96,75.51,37.53,73.06,60.06,37.28,69.81,1,4,48.91,47.18
11.06,13.69,8.65,53.66,16.49,15.1,31.04,72.81,4,4,18.82,0.0
79.68,99.13,84.15,88.96,52.68,68.34,82.13,83.94,0,1,79.91,84.23
31.46,47.82,49.76,21.82,66.28,66.36,29.52,49.11,2,2,41.75,30.88
90.11,87.28,87.09,64.3,66.86,59.43,48.48,79.65,0,0,70.87,82.88
93.84,71.16,97.65,94.81,54.83,28.99,11.69,97.91,1,2,70.58,72.58
61.8,38.56,70.08,38.12,57.49,57.51,67.36,82.28,3,1,55.33,32.14
13.72,49.3,52.47,24.32,36.68,44.83,13.75,78.72,1,4,41.59,29.77
88.13,68.61,70.11,55.92,54.99,60.76,44.33,91.86,1,2,61.22,64.14
33.38,12.29,44.59,4.16,44.26,9.03,32.72,65.89,2,6,21.17,6.78
15.04,3.68,39.22,3.49,15.72,61.86,40.48,87.71,4,6,23.81,0.0
14.09,45.66,35.05,27.13,33.93,13.6,17.3,81.36,2,4,39.22,19.71
51.03,75.58,56.79,51.4,83.88,32.98,66.01,89.32,1,6,59.74,46.71
70.27,85.84,90.36,62.56,75.29,90.22,63.17,94.62,0,4,75.39,70.48
43.14,48.43,12.73,17.69,45.14,1.83,28.56,85.43,2,4,27.94,20.52
39.74,76.81,52.36,37.86,37.55,16.02,27.46,56.44,0,2,46.56,51.44
97.8,78.86,77.63,89.18,49.52,79.3,6.46,93.52,2,3,71.18,66.42
78.61,57.06,46.14,17.1,44.3,56.04,24.24,40.02,2,3,50.92,40.26
68.18,94.99,95.21,59.29,43.37,42.55,15.78,93.4,1,0,73.62,76.08
50.05,44.47,37.79,30.76,83.67,25.18,21.49,69.45,2,3,44.57,28.02
26.98,42.97,43.92,0.09,34.15,19.85,4.31,87.31,2,6,36.53,12.32
64.99,69.6,45.33,37.54,61.43,84.59,20.89,78.19,2,3,54.68,50.82
73.77,86.78,88.08,77.97,56.11,54.74,54.69,95.09,1,3,76.17,73.07
98.61,96.21,76.23,55.91,68.22,41.65,63.71,88.11,0,3,73.37,81.49
22.26,22.63,29.21,13.75,45.64,52.01,4.25,63.7,1,4,27.7,17.74
71.78,88.01,89.27,91.65,44.96,49.09,56.17,80.59,1,1,82.61,73.32
96.89,73.29,69.23,56.58,37.47,18.2,51.7,75.44,1,4,60.69,63.17
67.72,66.45,44.65,68.43,66.42,5.1,30.85,91.87,2,3,54.6,48.9
43.2,26.6,20.35,35.97,66.32,65.58,54.72,44.75,1,5,41.05,26.08
60.02,57.15,69.15,36.22,67.59,63.97,59.47,65.3,0,4,61.33,57.32
52.0,42.94,62.5,35.5,58.19,75.13,27.29,78.25,2,4,55.63,27.13
71.38,68.33,88.07,82.57,63.52,47.53,13.02,87.52,0,2,64.86,71.52
93.16,70.82,97.37,56.98,80.14,62.38,21.23,80.06,0,4,65.56,74.32
52.84,40.27,62.8,42.29,38.52,77.94,52.38,92.08,3,4,57.55,30.91
96.73,84.04,93.88,84.5,78.82,65.83,78.28,80.64,0,0,82.52,96.23
32.99,39.38,17.54,47.24,7.54,47.55,44.51,57.63,3,3,29.01,16.63
96.52,72.16,83.69,81.77,37.24,9.09,82.59,91.61,1,4,65.43,72.51
30.97,10.25,48.27,16.03,19.92,20.46,38.37,80.31,3,3,28.65,4.66
46.17,70.21,45.37,56.59,57.93,0.4,69.6,93.5,0,4,52.11,45.3
82.28,76.74,81.09,75.27,42.87,92.77,1.32,75.25,0,6,70.14,65.51
13.95,49.22,18.52,35.33,7.75,53.21,42.02,50.26,2,4,36.35,20.39
65.05,76.24,70.78,65.71,45.37,30.14,20.42,77.13,0,2,66.05,66.63
50.46,51.06,55.68,61.04,67.67,18.24,2.57,75.63,2,4,45.2,38.73
68.93,56.89,36.89,33.08,81.11,9.28,44.46,92.73,2,5,48.95,38.88
77.88,44.23,40.56,71.28,34.72,79.14,45.53,85.19,2,2,55.41,40.07
64.25,56.37,54.86,10.97,37.46,49.9,39.52,37.29,0,3,46.09,46.78
10.05,1.16,37.97,22.7,58.76,12.98,0.69,64.4,6,4,21.38,0.0
12.95,28.61,50.84,21.8,67.21,16.55,5.28,71.24,3,5,33.77,7.72
33.4,8.75,39.49,39.26,36.08,16.91,6.61,92.86,3,5,29.62,9.18
83.9,88.35,68.62,61.75,69.87,82.53,56.14,75.91,1,2,67.53,74.17
49.34,40.33,35.85,15.65,22.88,71.05,43.03,62.97,0,3,44.88,42.35
81.95,98.0,83.99,75.27,52.18,7.02,19.08,77.26,0,1,67.72,79.0
40.82,47.99,77.17,16.93,36.27,67.58,33.42,32.78,2,3,42.05,31.46
23.51,6.89,28.52,50.65,0.59,4.21,20.85,78.8,2,6,19.51,10.44
56.22,55.97,68.99,40.89,69.67,13.18,39.25,78.13,2,1,54.41,44.0
47.5,7.33,27.7,17.49,62.12,14.21,11.0,79.34,2,4,24.02,12.97
35.6,10.63,2.7,2.45,6.22,43.49,17.41,57.16,5,6,24.16,0.0
45.01,74.6,39.26,59.12,62.73,72.82,45.6,91.93,1,4,68.64,51.74
51.78,46.1,50.42,25.46,50.04,0.25,39.55,89.64,3,2,39.65,31.44
43.72,35.89,36.47,38.91,51.77,54.33,36.9,48.7,2,6,40.93,21.88
54.08,68.6,45.72,66.04,35.63,32.35,28.08,75.48,1,5,48.05,39.94
11.99,19.45,2.06,51.19,55.31,73.66,45.51,60.79,2,5,34.74,9.33
75.16,70.98,76.56,28.32,39.6,27.08,29.7,81.56,2,3,62.7,47.54
35.36,17.71,10.33,7.39,52.09,35.18,2.32,94.19,3,3,27.6,1.39
73.92,96.16,96.21,77.46,41.92,29.0,64.1,96.15,0,0,78.8,83.36
77.58,45.53,59.64,55.55,57.95,78.22,42.35,82.78,4,5,57.51,34.68
63.89,77.96,65.63,67.43,45.78,45.8,68.2,79.61,2,2,63.89,49.94
68.1,73.26,71.76,71.69,83.87,36.85,71.84,88.89,1,4,68.33,69.66
49.58,67.99,70.18,73.42,1.36,76.18,23.5,56.01,1,3,70.1,47.04
83.75,84.61,90.99,76.22,72.42,46.1,56.04,91.85,0,1,80.24,75.71
93.35,80.23,82.43,99.43,47.93,1.86,9.47,81.11,0,3,62.96,75.36
45.49,64.32,61.41,26.09,74.02,68.71,21.58,87.24,4,3,59.65,29.12
62.09,59.07,62.03,38.64,4.06,31.72,54.02,54.78,1,2,46.39,40.42
74.43,92.37,88.51,84.12,49.68,48.14,1.96,78.25,0,1,71.94,81.46
68.57,90.38,71.0,63.45,58.31,25.09,52.41,87.14,0,1,72.1,68.33
88.04,74.9,82.3,68.4,89.79,21.93,77.59,97.95,2,1,70.8,64.47
62.98,36.54,71.46,29.19,27.82,24.74,33.31,96.34,2,2,35.46,36.97
50.76,52.03,61.92,73.66,64.71,1.46,49.35,73.78,1,3,51.82,47.56
75.55,85.06,91.86,92.57,56.87,6.35,41.14,85.84,0,2,77.18,77.87
37.12,13.07,34.93,7.08,4.86,74.51,31.82,57.66,2,6,23.42,6.89
24.45,34.8,36.33,42.42,25.62,3.92,8.55,75.83,3,4,26.46,13.9
93.03,84.23,92.39,62.33,57.41,87.32,14.59,76.54,0,4,82.96,73.82
10.8,24.02,49.29,23.85,67.35,48.94,5.47,70.46,4,5,36.27,1.65
79.15,89.15,92.14,78.33,87.63,87.91,40.24,79.01,0,2,89.62,77.05
63.36,57.91,74.76,35.72,80.69,2.82,53.84,97.19,1,5,50.03,45.49
62.11,69.81,43.26,56.45,50.84,15.7,58.2,76.36,0,4,52.14,50.82
71.99,64.13,68.27,46.05,40.69,7.82,54.37,79.53,1,1,55.81,53.95
77.08,40.97,59.66,28.16,73.48,55.47,29.99,93.08,0,2,47.2,51.66
69.36,70.62,76.84,61.45,32.39,9.49,22.4,59.56,0,3,50.57,64.76
15.96,29.21,20.8,16.61,47.42,71.97,38.88,69.31,3,5,31.52,8.49
19.96,3.19,47.03,33.4,11.54,22.35,49.5,76.72,4,7,29.18,0.0
55.21,65.02,70.84,64.31,83.62,57.32,22.49,82.43,0,2,59.77,60.01
71.95,41.18,49.43,38.4,66.87,68.34,31.92,81.73,2,2,42.99,40.5
87.94,75.32,66.06,63.09,40.64,18.61,67.63,82.32,1,3,65.47,65.43
14.08,21.41,27.44,45.71,57.0,63.62,34.89,71.53,3,7,31.95,0.84
31.44,3.46,12.35,42.7,7.78,35.24,30.24,88.92,3,6,20.97,0.0
17.61,28.07,53.94,30.27,45.19,50.82,41.52,66.75,5,5,43.16,2.58
70.3,35.76,59.25,33.67,41.76,3.12,11.86,99.53,4,3,41.85,26.57
59.41,27.12,66.11,74.0,19.35,37.08,21.68,39.45,3,5,38.34,24.64
94.19,92.05,83.08,77.36,80.95,40.35,13.55,82.82,0,2,78.62,82.2
72.71,55.85,74.98,70.02,36.12,61.75,15.02,93.82,2,4,55.63,52.68
43.44,1.67,16.63,23.26,40.99,11.21,16.76,89.28,3,7,16.71,4.68
20.89,12.49,54.41,47.79,51.64,10.29,1.51,53.77,3,4,30.74,10.21
85.89,71.41,75.73,97.31,82.76,9.67,21.21,89.86,2,3,71.27,61.55
52.56,75.23,51.72,54.26,43.09,63.24,7.1,67.51,0,1,58.19,63.1
39.9,35.99,47.95,28.34,48.68,55.25,31.58,47.61,3,4,41.43,20.72
23.85,3.93,18.98,39.13,8.54,54.35,38.77,76.77,2,6,30.17,5.58
12.3,39.96,27.85,24.9,29.44,45.5,36.23,89.8,2,4,40.65,18.83
57.9,67.78,47.9,35.4,57.75,24.08,2.33,66.81,0,1,54.88,54.0
20.98,49.78,30.98,12.79,34.72,25.15,38.97,50.29,3,4,29.06,11.51
25.85,3.02,16.04,13.31,60.9,34.79,34.18,93.11,3,6,24.24,2.39
78.0,79.1,81.7,66.04,38.64,64.36,2.01,95.24,2,3,76.05,61.5
49.13,48.22,23.47,33.94,56.2,0.08,26.35,77.64,4,5,33.51,13.67
75.34,73.53,50.48,37.89,72.33,65.25,35.37,78.62,3,2,63.35,45.55
57.3,52.28,80.92,72.39,72.06,65.51,27.74,32.78,2,5,64.47,43.24
80.61,81.86,56.08,41.97,74.07,17.45,11.25,60.64,0,3,56.43,63.03
63.34,49.28,55.82,67.6,68.46,32.01,36.48,35.33,3,5,53.57,29.82
53.98,41.49,41.0,60.57,38.3,10.62,69.92,74.1,2,7,50.55,24.52
95.11,93.98,77.24,89.37,64.87,86.36,68.24,76.02,0,0,78.72,83.18
37.19,16.94,48.62,31.11,59.7,50.26,14.43,93.75,2,5,39.59,19.65
28.09,46.73,53.08,42.22,16.97,53.7,1.02,86.32,3,6,44.59,19.29
59.94,76.79,79.22,43.7,34.18,44.23,50.86,60.69,2,0,59.41,59.6
47.23,22.44,20.34,13.94,9.34,27.37,43.6,65.94,2,3,27.69,15.44
38.83,49.88,57.49,24.97,21.08,17.75,20.71,58.24,2,3,38.34,34.51
95.9,76.45,98.48,69.19,39.56,49.4,19.37,93.82,1,3,67.64,74.62
77.96,66.47,60.39,68.36,60.36,49.75,16.61,88.73,1,4,63.22,54.83
81.84,95.07,68.3,85.02,68.69,82.42,14.68,94.99,1,3,89.83,73.12
48.52,53.28,63.04,49.91,34.95,32.67,31.01,88.41,2,2,55.35,46.32
49.81,46.26,34.48,15.5,59.25,19.24,16.96,31.73,0,3,32.45,39.93
57.51,35.23,41.25,29.01,53.79,2.05,8.52,50.27,1,3,37.77,30.34
72.68,73.06,91.28,64.02,36.95,86.06,74.49,79.62,1,4,70.08,62.93
73.9,60.3,20.58,67.44,54.58,63.03,4.31,51.22,2,5,46.06,38.48
68.14,74.6,60.79,36.36,26.05,55.72,60.52,67.31,1,2,57.39,54.78
48.87,63.41,60.46,57.39,61.65,1.5,12.21,70.8,3,0,60.54,39.74
71.79,70.69,82.79,84.05,79.66,12.21,52.38,94.35,2,4,66.14,62.45
52.7,56.4,69.96,34.15,48.68,6.13,28.85,28.57,2,3,40.95,33.89
12.59,49.7,2.99,45.42,51.82,44.38,21.94,82.86,0,4,42.84,27.36
44.51,23.16,13.03,26.99,17.51,39.65,23.13,84.03,4,3,28.46,8.48
79.32,82.07,74.43,80.23,83.31,51.65,24.38,76.55,1,1,71.54,69.43
78.21,76.19,98.54,64.17,38.44,33.54,11.43,78.16,1,4,70.4,66.4
47.54,72.1,47.24,73.07,80.89,39.07,16.0,94.22,0,3,65.8,64.77
40.63,43.81,40.41,35.32,35.01,74.07,47.96,87.44,2,3,46.6,30.41
75.28,79.13,85.52,80.24,44.67,9.96,18.9,83.72,1,3,59.43,65.69
61.89,71.97,41.42,42.04,66.52,3.98,58.1,98.66,2,3,51.07,43.87
69.13,73.56,81.73,77.85,46.97,58.22,15.4,83.16,1,1,69.8,69.54
81.61,98.84,66.88,73.83,37.22,13.93,39.31,78.94,0,1,72.3,81.57
29.33,44.13,16.84,34.51,64.63,12.88,40.04,76.58,3,6,40.51,12.45
37.95,28.93,78.38,29.55,44.78,23.0,38.93,32.12,3,4,36.52,19.28
90.6,70.89,75.22,70.16,59.99,66.74,36.38,96.78,1,5,63.97,63.23
71.97,59.36,30.74,21.22,46.07,33.3,40.55,38.78,2,1,39.18,35.81
33.33,47.36,41.22,42.28,35.63,61.16,47.1,81.09,3,3,60.48,22.0
45.06,7.94,4.08,48.76,9.25,2.63,36.05,87.39,4,7,13.07,0.0
45.67,16.06,15.06,14.73,3.54,21.08,1.28,84.42,3,6,15.48,0.21
52.26,30.3,68.73,11.38,16.72,4.26,53.89,25.2,2,4,30.57,20.85
40.84,21.61,19.69,44.87,52.99,29.93,17.07,46.94,3,6,31.68,10.15
43.52,42.28,34.31,34.32,8.68,52.42,14.0,70.96,3,2,29.6,28.74
68.86,65.99,70.96,86.27,54.98,1.51,83.98,88.33,1,2,60.66,57.52
74.23,47.97,55.94,25.18,76.59,27.53,18.99,99.91,2,2,47.14,40.8
55.24,38.81,57.03,36.31,4.12,68.87,0.94,58.24,3,3,42.24,26.59
64.06,37.14,37.56,61.36,31.33,21.77,34.92,70.75,3,5,37.61,23.72
72.95,50.62,64.92,54.46,45.83,24.88,45.69,69.68,1,3,46.26,52.3
51.73,76.33,65.94,54.65,75.93,48.95,30.9,71.63,1,1,59.16,60.51
64.57,70.8,77.71,41.13,79.12,72.54,4.76,76.7,2,3,67.06,49.91
24.0,19.14,47.61,53.47,54.35,16.28,5.63,55.46,3,8,35.2,7.69
54.04,51.37,55.47,60.69,30.36,76.39,8.93,74.19,0,2,58.66,50.66
48.03,35.16,38.4,51.14,38.85,69.98,60.03,70.07,3,4,45.2,29.69
24.51,24.78,37.06,45.22,21.08,15.69,48.92,61.01,3,3,32.32,7.31
83.58,82.88,92.07,86.94,85.16,92.23,61.87,76.91,0,0,82.83,87.47
56.54,49.57,70.86,46.1,56.64,50.66,39.41,72.46,1,5,52.58,43.8
71.29,50.04,39.59,35.21,54.09,52.43,42.13,57.89,1,5,45.89,39.03
10.22,10.79,16.3,52.0,35.49,27.33,20.22,67.59,2,4,30.72,0.07
76.6,85.86,87.96,64.12,76.05,19.0,22.36,82.67,0,3,67.48,74.23
26.37,39.07,11.34,27.68,8.28,32.01,26.02,49.0,3,5,18.82,3.16
79.24,94.49,95.44,68.93,74.54,54.85,83.59,77.37,0,0,86.63,83.21
82.52,89.24,89.51,63.14,82.19,35.83,81.97,77.95,0,0,68.09,77.86
59.01,77.7,47.49,45.66,79.17,26.01,10.69,75.85,1,6,60.45,43.66
67.07,63.86,76.26,42.33,42.99,52.31,30.06,81.58,2,3,56.02,50.88
69.9,35.51,44.58,43.85,55.41,30.74,45.43,72.92,3,4,49.67,31.17
37.1,56.8,57.56,55.45,47.91,0.65,37.91,36.93,2,4,51.72,31.55
17.39,33.46,40.53,26.92,23.83,12.49,14.5,83.19,3,4,36.8,11.81
35.65,25.92,10.88,46.35,67.5,34.99,46.66,94.9,4,5,37.83,9.51
82.51,92.55,76.38,90.3,71.01,66.08,24.29,86.75,1,1,80.03,75.0
59.56,46.48,72.03,51.26,80.39,57.15,1.11,96.97,3,4,58.72,34.69
70.38,57.07,42.57,27.91,32.57,22.63,25.74,96.23,0,6,46.14,46.62
62.56,75.93,77.8,66.87,73.32,32.94,40.58,77.3,0,4,62.77,59.69
67.72,35.14,56.96,43.84,72.54,3.5,3.4,86.71,2,3,43.48,38.37
58.13,77.04,39.62,64.8,25.69,43.79,10.74,85.96,1,2,56.16,52.41
76.41,39.35,53.2,47.85,41.82,25.07,50.03,86.62,2,4,38.81,38.99
48.64,13.45,54.2,44.9,55.64,50.07,49.16,67.08,1,4,41.52,29.13
79.17,78.73,91.18,87.23,80.84,74.91,50.66,78.5,1,2,81.44,73.01
51.88,68.4,55.1,39.57,17.99,19.67,11.1,48.36,1,4,44.63,40.16
28.61,4.14,54.57,46.47,46.2,56.72,6.41,83.3,3,7,36.35,6.77
76.1,68.82,90.22,68.31,63.51,31.56,65.85,80.66,2,4,75.08,54.7
83.0,73.76,96.01,78.27,47.84,42.87,16.66,79.47,1,0,66.03,69.85
48.69,12.84,47.14,19.93,10.09,60.35,2.98,65.24,5,3,29.36,0.0
99.71,71.12,73.94,65.62,84.94,72.55,38.87,98.89,0,2,69.66,76.58
99.97,97.0,85.47,64.8,50.22,42.71,27.44,75.53,0,0,74.33,80.21
61.88,43.37,61.9,63.5,34.21,28.65,60.75,82.69,2,2,49.42,45.33
48.76,2.66,6.67,38.61,42.31,28.69,26.96,80.17,3,6,26.15,1.47
61.22,46.49,79.07,35.26,38.19,9.32,44.24,50.91,2,4,43.05,37.34
39.05,63.94,65.84,20.25,27.4,3.45,33.4,61.81,2,5,43.6,29.38
76.2,44.42,64.11,67.6,57.52,50.28,9.15,27.7,3,4,61.59,35.31
61.35,51.78,51.65,30.79,76.94,54.82,10.23,79.84,2,1,55.8,41.53
14.34,15.25,0.95,25.01,30.06,55.07,8.36,76.57,3,5,17.27,0.0
57.91,65.78,43.57,72.37,84.87,73.7,20.98,88.24,0,1,65.81,59.06
71.42,72.42,57.35,49.02,70.04,74.36,53.54,78.45,1,0,66.67,62.37
81.08,92.03,71.9,79.38,37.01,85.28,69.7,88.11,2,4,82.06,69.48
99.38,65.79,87.0,62.73,74.56,6.69,6.89,86.66,2,3,57.01,61.08
22.12,27.75,52.28,18.29,30.76,66.66,16.62,64.03,4,3,41.53,8.6
26.38,0.62,9.57,8.11,8.11,49.05,6.82,49.28,3,3,11.9,0.0
85.18,91.53,94.85,88.81,69.55,86.22,44.18,90.83,0,5,85.81,79.51
89.59,95.26,82.41,58.16,58.56,32.61,83.77,92.28,1,2,80.34,76.84
75.12,65.45,82.84,94.41,68.53,47.52,78.71,79.31,0,3,74.49,69.59
99.03,91.79,88.59,65.03,63.22,78.14,73.12,89.04,0,0,82.31,89.31
72.03,91.61,65.86,57.35,84.76,66.88,0.36,82.8,0,2,65.1,66.46
91.08,68.61,82.75,62.65,37.56,13.61,73.89,79.4,1,2,56.19,67.14
66.22,56.88,62.68,12.63,71.3,76.51,16.57,48.25,0,1,52.68,51.24
67.89,65.81,44.51,56.45,64.33,68.77,70.0,66.41,0,3,62.32,52.09
28.85,33.42,20.71,17.58,58.4,49.17,17.54,90.71,5,3,32.94,6.55
32.39,23.39,47.23,25.46,29.01,7.78,18.12,64.85,2,6,29.64,13.84
53.88,62.51,64.69,40.06,30.24,44.05,6.5,83.03,4,5,39.79,28.46
27.63,7.64,8.57,50.7,16.36,65.56,25.16,68.09,4,3,25.21,0.0
97.49,99.8,66.82,78.91,44.45,59.06,84.11,97.42,0,3,77.1,80.11
43.98,34.24,20.79,21.83,14.23,6.2,52.06,53.86,2,4,24.06,17.61
63.63,51.41,43.07,54.28,70.05,67.78,24.94,83.15,2,4,49.91,40.47
79.99,68.28,85.72,85.23,78.55,61.8,33.69,98.37,0,2,77.15,75.26
67.55,68.59,74.35,72.45,62.81,86.94,63.8,65.09,1,2,69.93,62.48
45.36,45.14,36.25,57.53,78.36,89.8,31.4,74.1,1,5,49.94,40.81
48.19,35.78,58.41,45.69,75.56,57.81,30.23,72.91,3,4,47.03,24.3
28.88,13.93,46.0,38.0,49.47,39.61,43.8,56.39,4,4,33.94,8.3
49.14,38.4,71.25,63.93,42.28,10.47,17.31,72.45,0,2,48.43,46.25
67.74,63.1,59.45,73.3,53.36,77.41,45.22,67.95,2,6,63.54,47.57
74.06,44.26,35.01,37.88,54.25,73.92,45.03,97.17,2,4,45.72,35.54
13.38,12.14,48.72,31.73,3.26,52.82,25.33,87.73,2,6,35.16,8.02
31.39,37.37,28.21,18.01,7.26,15.2,20.04,72.57,3,3,25.36,10.48
10.48,32.8,8.98,9.92,39.12,28.16,23.57,60.44,4,4,29.37,0.0
23.56,27.62,4.56,30.01,30.2,56.85,42.4,54.98,4,4,32.18,0.51
31.24,46.83,22.52,4.54,21.14,45.44,12.8,58.45,3,1,36.49,13.5
81.46,77.31,99.65,75.87,72.36,86.81,53.47,81.23,0,3,77.92,70.07
83.01,70.6,71.25,82.16,76.31,60.46,27.99,76.49,2,3,71.57,60.47
42.89,18.29,34.77,41.1,66.98,31.68,32.41,64.63,4,6,39.65,4.84
92.16,87.09,96.68,69.12,81.64,64.96,16.61,78.16,1,2,75.07,77.73
54.09,77.31,66.05,63.9,71.12,52.56,65.78,85.43,1,2,67.43,62.94
69.05,75.97,53.89,29.87,64.99,0.86,55.09,83.4,0,1,51.53,56.33
58.7,73.48,40.82,41.24,36.54,38.44,9.34,91.63,0,3,52.17,54.44
91.37,98.19,72.76,97.89,52.89,53.0,59.64,79.98,1,2,83.21,80.99
47.88,80.42,29.17,49.45,23.09,14.54,5.64,49.26,2,1,38.98,42.14
72.57,69.18,81.21,88.51,51.3,13.86,54.47,82.53,2,0,68.02,62.01
39.05,37.57,42.49,29.7,37.52,53.92,34.88,78.5,2,3,34.26,25.3
53.38,63.52,44.93,57.82,55.79,13.72,18.09,83.26,0,3,55.46,50.04
68.8,99.06,68.37,60.62,82.9,63.03,37.07,91.23,0,0,83.3,73.79
51.76,15.7,51.97,18.9,50.06,66.21,8.54,55.28,2,4,33.67,26.82
58.41,49.61,74.19,31.54,59.46,13.33,65.0,92.93,4,4,49.8,27.53
33.71,21.4,39.57,25.18,8.98,8.06,16.3,75.14,3,4,24.19,11.33
83.01,66.83,76.57,55.7,60.8,72.87,8.52,93.38,0,3,73.82,64.95
42.75,38.91,14.82,35.96,10.37,37.16,0.13,54.68,2,6,32.16,15.16
65.79,31.18,29.54,51.32,16.17,74.26,55.24,60.1,2,6,40.18,27.8
74.62,77.98,98.36,93.05,51.14,50.35,16.34,81.94,1,2,76.88,73.94
16.72,37.15,7.41,20.55,36.09,3.71,7.84,58.56,2,5,27.59,7.03
61.63,49.69,80.44,24.46,13.46,42.83,25.64,54.49,2,6,48.74,36.66
75.88,97.64,87.07,56.71,39.25,74.62,48.24,89.14,0,0,75.87,75.93
47.47,65.88,29.9,21.17,67.61,9.44,1.46,53.67,3,2,43.01,30.6
23.17,5.21,37.81,17.53,60.66,68.93,42.45,61.12,5,5,35.04,0.0
21.66,5.95,34.37,32.46,18.91,43.85,39.52,62.5,5,4,28.53,0.0
96.46,91.78,89.57,69.09,36.22,48.22,24.29,82.25,0,3,72.15,83.8
65.92,58.93,74.74,33.96,37.27,85.41,6.86,87.21,2,5,61.05,41.15
60.63,66.92,77.66,38.79,44.41,29.07,53.43,77.18,1,2,52.44,55.64
60.68,46.48,57.18,38.12,75.61,35.0,9.04,73.4,2,4,50.17,35.91
76.94,71.34,41.44,55.69,72.51,69.12,34.22,90.61,2,6,60.19,44.43
80.64,94.01,94.55,56.53,38.82,63.64,42.5,78.73,0,3,68.23,72.41
67.86,74.19,36.47,56.38,38.09,42.67,29.68,78.65,2,1,54.76,48.94
72.71,58.41,51.58,60.2,72.2,43.44,29.78,85.21,2,3,57.8,45.25
77.57,46.21,44.97,33.84,66.37,40.42,27.2,72.14,2,2,41.9,44.74
70.16,77.86,81.55,66.01,54.23,0.59,29.84,77.98,1,2,59.38,61.02
14.04,49.48,53.66,25.75,7.55,54.06,48.07,83.93,0,5,49.86,28.35
94.59,70.08,78.42,67.67,48.39,2.44,48.13,85.03,1,1,57.42,71.65
51.45,25.14,70.78,63.78,4.4,50.03,39.66,30.39,3,8,43.19,11.48
70.8,66.08,77.73,46.9,50.65,25.36,43.76,82.01,2,4,58.06,56.38
24.74,34.52,27.08,41.85,27.31,40.17,2.89,53.75,3,4,35.56,12.17
68.69,50.63,67.04,67.9,45.47,72.03,8.88,79.53,1,3,63.45,54.36
32.83,47.37,29.59,34.58,12.91,40.54,19.27,91.57,1,2,32.22,31.11
49.1,63.12,69.36,42.26,55.87,10.47,65.15,68.83,2,2,56.28,40.96
73.87,91.26,79.13,56.18,88.02,14.37,43.39,81.21,1,1,70.54,71.76
73.3,49.89,48.7,67.65,2.58,1.82,12.35,55.62,1,3,39.93,41.21
60.41,44.81,77.67,33.17,76.0,42.31,9.04,69.15,2,6,57.2,36.6
75.65,42.05,42.89,54.8,41.19,16.64,6.63,67.67,2,5,37.04,32.48
57.37,56.51,72.44,66.74,25.6,36.83,57.96,65.01,1,3,57.62,47.99
74.43,58.07,73.86,61.34,46.07,44.42,27.29,94.0,2,2,55.09,49.38
63.3,63.71,63.17,35.71,59.95,31.92,44.59,84.17,1,0,50.36,57.72
37.42,37.45,11.37,6.07,46.84,17.7,5.73,51.56,1,1,24.27,24.61
80.28,38.73,77.23,19.03,57.12,1.04,24.4,34.15,3,5,32.37,30.68
96.72,77.64,70.78,65.15,53.64,18.85,43.4,90.82,1,1,61.31,70.79
47.5,11.08,34.09,52.14,37.09,73.27,15.5,73.21,2,5,26.95,14.28
65.69,79.24,82.87,46.91,74.98,61.39,31.43,49.23,2,2,67.99,51.7
84.45,88.03,87.95,95.22,88.15,84.62,52.71,80.14,1,1,85.82,79.57
67.49,35.57,68.45,33.75,42.79,28.99,23.27,91.61,3,3,44.03,33.21
66.0,60.41,79.02,26.57,4.98,40.8,15.62,41.69,2,2,55.89,41.82
95.74,89.54,66.45,60.21,40.31,5.87,5.02,78.93,1,3,60.94,73.43
41.02,44.47,40.28,40.51,56.29,41.73,10.65,49.23,1,6,41.44,28.21
77.01,51.29,45.36,45.17,43.08,60.65,44.41,65.96,2,4,46.49,42.79
44.67,69.56,71.55,66.18,19.47,36.07,13.29,25.9,1,2,60.11,45.89
77.82,69.11,72.38,63.67,31.36,5.85,64.06,69.84,1,5,50.5,49.27
13.15,24.44,9.58,33.37,8.13,14.82,40.19,56.76,3,4,18.23,0.0
53.67,39.63,54.88,35.07,59.26,79.24,31.59,41.71,1,5,44.94,37.66
80.16,51.14,42.63,54.23,62.17,39.88,19.85,36.15,2,0,46.26,48.38
72.55,52.38,47.67,72.41,32.59,79.64,4.35,79.47,2,5,53.96,38.01
49.44,69.23,60.1,49.1,28.28,44.98,39.45,74.3,0,4,51.27,57.88
75.86,87.78,90.51,57.32,41.96,42.38,50.39,86.34,0,2,75.66,71.52
76.45,70.19,78.8,94.27,54.09,14.14,44.42,99.8,2,3,64.07,57.26
59.27,46.28,53.32,29.76,67.42,74.63,21.52,84.83,3,4,49.13,32.0
21.41,40.93,20.27,20.29,52.54,38.27,10.05,87.52,1,3,37.65,20.53
72.58,58.28,44.62,38.08,31.05,66.23,7.42,86.2,1,4,47.74,48.44
61.9,52.46,68.6,68.66,19.73,72.12,6.52,61.17,2,3,60.76,41.71
48.96,44.54,38.13,20.06,59.06,4.86,58.07,59.31,1,4,30.91,35.66
10.94,3.42,43.67,20.7,46.79,55.44,21.11,52.17,3,8,31.66,0.0
66.99,57.45,73.89,36.73,73.88,68.61,16.83,38.73,1,2,57.65,50.7
57.2,72.02,62.78,43.68,3.16,52.6,38.56,29.62,1,6,57.03,41.14
65.52,61.57,37.27,46.14,38.37,17.96,45.85,65.4,2,3,49.86,40.44
65.27,64.92,72.47,31.49,29.9,89.43,0.62,89.79,0,4,56.11,64.52
87.66,90.09,75.71,95.18,60.13,15.63,72.62,98.57,1,1,70.54,76.75
95.36,69.94,69.57,88.26,57.35,14.11,19.55,94.87,2,2,55.7,65.08
21.16,8.46,21.0,18.34,12.98,71.55,24.15,75.4,2,3,27.71,5.33
70.81,48.08,59.89,71.35,62.5,64.0,61.32,97.39,0,5,57.86,52.08
55.92,58.1,37.77,33.86,33.94,2.51,50.55,76.39,2,3,37.09,34.69
45.13,64.6,39.76,35.96,36.42,29.82,11.21,77.14,0,4,50.14,41.23
84.69,69.31,92.06,57.77,60.55,89.66,13.51,80.03,2,1,70.35,65.37
88.52,73.84,86.47,58.99,63.87,22.55,57.95,93.69,0,0,59.53,77.35
96.96,86.55,79.75,74.54,76.69,79.18,68.67,87.76,0,1,80.12,81.72
65.79,65.66,58.79,68.77,76.58,39.8,11.8,85.18,2,2,59.76,56.7
73.57,75.39,53.31,34.63,50.22,41.05,36.37,74.6,1,3,61.5,54.8
56.1,50.12,75.9,44.76,61.37,47.06,61.34,77.92,1,5,56.02,40.49
77.53,66.02,35.45,66.97,67.19,50.49,16.53,70.23,1,4,54.2,52.21
20.45,31.82,2.66,21.54,12.09,45.45,15.84,83.58,2,3,24.03,10.33
77.86,86.32,98.69,59.09,73.67,65.81,56.91,87.9,1,2,80.77,73.53
51.85,45.5,16.72,46.54,6.67,50.83,17.11,77.93,2,4,44.24,24.12
72.72,66.73,68.92,65.36,47.32,45.54,35.59,68.96,0,3,52.3,64.17
92.37,72.28,95.69,66.02,62.06,46.29,22.85,84.04,1,2,70.46,73.38
73.44,54.46,70.74,47.32,51.41,14.15,8.75,86.4,3,3,51.3,35.78
74.52,73.54,57.57,38.84,35.32,24.44,54.64,76.36,2,1,61.9,50.18
63.81,77.61,73.7,59.79,34.22,82.71,62.48,96.03,2,3,70.53,56.18
57.9,59.04,49.34,59.5,63.86,45.8,3.78,97.78,1,2,57.76,54.3
10.58,43.68,5.63,54.98,43.97,4.97,28.12,61.57,1,4,34.01,16.55
66.37,55.84,45.87,31.1,52.91,47.03,50.89,45.48,2,5,47.27,34.63
23.74,34.63,49.11,42.3,23.98,52.98,10.35,47.91,3,2,37.31,16.27
74.87,68.89,73.73,66.67,83.44,56.62,15.91,78.63,1,3,64.13,64.58
30.32,42.03,52.71,23.22,48.76,17.0,40.04,86.0,2,4,38.31,23.39
20.97,47.18,53.45,49.99,41.97,20.06,40.36,80.08,1,4,41.89,25.85
19.3,36.28,0.04,30.68,25.4,28.6,12.23,58.74,2,1,33.14,10.93
38.44,12.1,2.16,45.8,61.06,73.42,47.99,76.69,3,7,36.89,0.05
27.46,18.89,16.03,20.19,57.44,52.61,12.49,80.58,3,4,22.87,6.25
40.71,37.66,21.51,37.98,16.71,35.81,29.16,79.32,1,3,42.55,25.38
72.33,66.1,72.1,65.74,41.58,89.36,65.59,80.06,2,4,71.08,50.57
26.66,2.83,28.47,20.7,8.61,7.94,7.65,55.29,3,6,8.59,0.0
70.55,63.74,68.35,56.75,51.77,39.71,34.01,42.08,1,3,63.9,51.03
61.5,39.64,49.62,43.81,67.42,29.96,0.56,67.95,3,6,27.58,26.44
80.18,92.77,74.12,96.62,64.1,8.78,20.54,97.66,1,3,77.0,71.32
80.3,89.4,98.91,74.76,62.27,20.92,34.27,76.58,2,2,70.44,67.12
54.29,52.2,58.51,57.04,81.42,29.9,40.94,96.56,2,4,58.04,46.04
68.83,55.69,60.68,73.72,40.07,71.33,35.44,71.19,1,2,57.71,53.71
75.15,62.88,69.54,38.65,51.77,81.87,3.56,79.14,2,2,64.54,56.87
58.42,62.46,75.1,55.61,7.65,29.36,33.16,52.92,1,3,59.16,47.6
63.38,44.77,56.06,52.43,74.04,41.49,5.66,82.06,1,2,54.25,49.35
78.46,80.3,90.83,92.61,38.22,75.24,61.24,97.37,1,2,81.31,69.34
63.11,57.33,79.52,66.82,54.56,70.58,6.83,53.03,0,4,55.11,57.44
47.86,46.52,48.93,41.05,77.66,59.58,51.44,65.47,2,6,57.63,32.64
77.11,35.62,49.01,63.75,46.61,82.89,15.29,92.85,3,5,49.16,38.29
65.96,35.42,37.43,28.35,74.18,21.32,23.02,86.35,1,4,38.41,34.21
19.88,35.42,0.83,49.94,66.5,0.18,22.89,65.69,2,3,37.33,17.36
90.15,86.72,94.13,93.01,69.71,51.14,77.69,95.03,0,0,84.74,89.85
17.31,31.83,23.54,24.78,12.61,55.86,34.9,71.61,3,5,27.89,2.6
74.15,52.87,60.73,68.74,50.55,79.53,9.55,77.77,3,4,56.51,43.87
21.68,46.56,25.93,14.69,69.14,31.73,18.57,46.75,2,3,32.22,16.99
87.71,90.2,86.74,78.84,66.81,65.51,73.38,83.41,1,1,73.83,77.02
44.15,38.96,60.21,15.03,2.55,5.12,7.4,40.88,3,6,27.65,10.07
59.27,51.61,49.7,44.42,25.67,79.76,68.41,95.19,2,3,55.15,38.66
71.48,33.72,82.66,18.2,34.1,12.72,9.01,60.81,3,4,35.43,28.44
78.85,79.33,61.53,32.26,69.42,9.8,10.13,41.05,1,3,51.32,49.77
58.96,65.43,39.33,27.43,63.48,48.14,28.52,76.69,2,2,48.4,42.26
69.66,38.17,62.72,18.6,14.55,57.13,7.55,35.37,2,6,40.51,27.1
65.87,51.28,64.98,42.42,25.08,8.45,53.97,67.94,0,0,53.33,55.01
97.52,84.82,79.19,97.39,46.83,42.02,9.23,78.12,0,3,68.52,80.18
46.86,2.24,42.56,8.09,48.88,27.87,35.39,55.69,3,6,24.67,0.0
68.22,64.46,61.73,61.53,72.64,82.03,5.64,85.0,0,5,66.25,57.28
57.08,63.64,61.24,57.86,40.14,69.06,46.48,69.57,1,3,54.73,52.19
72.53,66.13,79.1,90.87,59.77,79.7,4.04,86.74,1,2,77.83,65.94
67.34,42.25,70.08,40.57,30.6,68.91,49.35,95.93,2,3,52.95,36.69
83.13,96.86,68.61,96.77,61.85,84.84,52.82,91.79,0,2,84.32,81.83
80.51,63.75,61.16,45.91,45.57,48.97,2.54,28.29,0,5,53.57,50.13
50.5,31.39,52.0,48.61,15.25,11.51,10.58,49.81,3,5,31.01,22.89
77.49,75.99,68.48,64.58,83.64,54.04,61.6,67.27,2,2,71.06,61.27
77.41,66.87,79.81,91.57,68.76,64.01,2.68,95.99,1,2,72.19,63.74
71.79,68.76,54.3,53.27,10.83,21.54,59.08,61.25,2,0,56.31,43.78
88.75,67.62,68.63,67.46,77.76,30.71,40.02,91.42,0,3,60.21,67.46
28.94,46.33,54.02,42.58,64.08,10.24,32.72,54.92,2,4,36.75,31.83
33.49,46.32,48.83,46.7,16.07,39.86,36.81,93.81,2,5,43.58,27.76
11.89,17.97,39.14,22.37,10.08,45.81,26.13,94.09,1,8,31.68,9.23
68.51,55.1,44.13,27.29,75.3,73.33,11.38,87.58,3,3,47.47,36.5
40.25,32.61,39.67,7.98,64.58,21.44,41.83,89.67,3,3,42.51,20.33
47.7,39.79,77.72,41.61,45.98,22.64,45.22,81.56,2,4,46.74,39.15
94.46,68.98,72.59,75.7,45.74,51.23,39.16,98.81,2,2,63.33,63.19
46.3,39.38,51.43,39.63,27.58,69.03,11.27,74.19,2,6,45.4,30.56
18.57,38.96,38.54,9.97,58.3,34.63,27.19,93.57,2,3,37.16,22.09
78.67,77.06,83.56,86.04,44.86,57.16,77.94,79.63,1,1,72.31,66.61
78.68,95.73,72.89,87.53,68.67,15.55,63.05,88.3,2,2,63.94,76.13
72.39,90.95,88.58,67.33,76.05,47.97,29.63,94.67,0,1,75.2,76.34
73.45,46.49,50.22,72.23,67.14,15.29,16.46,38.48,2,2,49.21,42.09
36.55,50.37,44.55,44.79,42.05,18.03,12.27,54.73,2,2,46.16,30.53
29.15,14.97,45.72,4.72,53.65,18.62,45.9,45.28,2,2,20.52,11.5
81.3,95.23,96.11,77.43,65.69,72.57,66.27,97.2,1,1,85.65,75.44
94.29,86.06,67.03,85.46,50.57,6.58,51.56,93.31,0,2,64.7,77.2
47.56,77.26,20.79,16.32,33.86,60.69,56.55,44.28,0,3,43.32,43.9
57.56,70.93,75.13,16.39,33.06,71.5,25.47,45.91,2,3,53.86,42.46
55.83,57.67,37.12,28.26,49.88,30.15,43.11,66.33,1,5,38.47,41.61
87.12,91.04,88.98,67.43,81.99,58.12,52.25,80.32,0,2,72.44,77.76
50.01,41.52,40.47,46.99,25.18,48.81,20.88,84.34,1,5,45.76,30.47
48.77,24.48,5.46,42.13,0.73,57.35,4.25,50.33,3,6,28.59,9.58
29.22,49.81,19.67,9.43,59.22,31.17,43.72,48.06,1,4,32.92,25.03
47.99,51.06,49.97,57.17,64.13,9.27,29.41,87.49,2,4,57.4,35.78
75.12,92.16,73.7,91.8,60.68,44.93,65.49,84.58,1,2,80.11,69.77
29.22,20.74,16.44,10.97,58.13,7.14,45.11,46.35,3,4,21.33,5.29
75.24,62.92,42.67,64.83,51.49,1.19,34.07,93.44,2,3,45.07,47.36
68.98,50.86,42.31,41.04,77.61,25.51,16.45,69.67,2,3,47.23,42.11
24.8,39.95,52.88,40.8,49.82,32.42,42.07,49.44,3,2,42.21,19.28
91.12,97.52,87.47,93.76,80.39,81.82,29.25,86.85,2,2,88.74,78.67
70.42,72.62,59.95,30.66,43.22,77.13,24.33,68.6,1,1,65.33,52.96
76.47,53.57,53.99,32.65,43.27,73.32,55.03,80.24,1,3,60.41,48.48
73.22,73.76,67.53,58.49,73.93,63.68,17.8,81.32,1,4,66.95,56.03
74.87,94.61,65.31,94.11,38.06,37.21,68.01,85.19,0,3,75.32,75.64
39.4,45.32,62.86,73.7,63.62,67.72,31.03,45.88,4,6,54.17,26.43
14.78,14.63,53.69,29.96,12.35,37.73,32.29,86.41,4,6,27.83,0.0
43.17,62.49,57.09,50.66,42.26,57.25,37.57,28.34,0,4,56.08,46.24
72.35,41.31,68.08,34.17,56.68,28.85,44.61,72.45,2,4,56.18,43.66
72.36,44.45,62.21,44.52,69.63,2.2,29.94,87.81,1,6,48.33,49.0
79.75,99.66,96.95,56.53,64.17,6.21,78.53,86.04,0,1,79.06,81.71
30.63,28.32,46.24,10.18,12.26,31.56,39.31,47.93,3,5,26.72,6.14
75.99,91.44,79.43,80.22,86.97,4.4,38.22,84.03,0,0,69.89,76.85
36.65,83.85,74.34,23.93,44.97,63.86,19.16,38.09,1,2,57.43,41.48
51.45,43.35,62.97,30.42,65.07,36.06,46.99,78.36,1,5,48.59,38.21
86.0,72.85,81.07,91.1,78.54,57.04,83.12,86.59,0,0,71.88,79.39
78.49,76.42,75.6,81.69,76.33,89.09,7.99,78.76,3,1,81.86,64.39
37.13,42.98,17.26,41.26,52.64,17.94,31.06,78.76,2,3,35.89,23.01
84.03,71.45,87.64,85.62,62.56,51.49,26.78,82.83,1,2,70.87,69.11
84.2,66.36,96.94,85.39,69.26,69.61,24.17,90.1,2,1,70.95,68.35
72.99,42.66,57.8,17.81,56.56,12.29,52.01,33.9,3,5,31.29,29.46
73.43,75.7,97.94,76.9,49.35,16.19,1.61,84.12,2,3,62.06,56.61
12.81,33.93,34.13,48.51,12.88,59.57,43.24,93.82,2,6,42.0,12.81
73.29,97.77,70.45,89.97,57.29,68.76,7.81,93.13,0,2,83.72,83.95
70.51,99.31,69.3,64.04,79.53,23.44,18.89,91.81,0,0,70.89,76.32
73.59,50.67,66.67,45.79,57.58,66.03,4.24,80.92,1,2,50.14,50.56
97.63,76.03,74.64,59.55,66.75,25.24,71.64,92.07,1,1,61.12,70.9
51.76,73.68,59.66,35.46,83.75,49.18,11.58,83.1,0,1,61.85,54.64
50.34,59.89,73.45,61.79,30.77,36.08,0.37,75.78,1,2,59.96,54.78
47.12,34.14,49.35,44.44,39.69,22.29,14.91,88.77,1,3,36.81,37.04
76.46,36.57,50.19,68.37,41.44,24.81,62.91,94.07,1,3,43.46,50.11
49.09,55.2,46.0,67.7,58.27,19.36,64.85,93.8,2,4,52.87,40.9
50.44,64.54,58.97,69.72,39.45,15.32,25.1,70.11,2,1,56.63,54.11
72.5,80.03,94.02,69.87,35.53,62.71,17.01,88.57,1,2,70.87,67.28
11.51,39.48,43.52,36.49,65.05,60.24,10.94,64.08,1,4,41.13,28.62
76.07,65.11,46.44,70.33,45.65,46.46,33.55,97.33,1,5,59.27,52.51
98.34,92.21,77.11,71.09,60.82,64.01,47.69,94.4,1,1,73.92,79.1
72.09,71.31,72.81,73.08,71.05,84.8,44.58,88.31,1,3,80.98,65.74
74.85,85.53,69.41,59.53,80.43,11.24,51.68,83.8,1,0,69.16,68.66
54.84,63.93,65.87,40.16,46.1,14.07,41.54,98.49,1,2,50.77,51.09
67.34,31.56,41.23,15.57,45.13,79.85,22.49,31.03,2,3,33.8,24.72
13.7,31.15,23.41,6.99,44.41,50.48,22.0,84.9,3,5,34.18,6.45
98.27,92.14,68.73,78.37,36.92,55.94,79.32,84.21,0,1,72.17,78.83
85.71,77.41,91.18,86.59,73.43,35.89,50.94,91.28,0,2,65.5,74.8
98.8,67.13,96.6,82.55,85.53,53.67,69.79,93.03,1,1,76.41,77.15
47.95,70.11,53.05,30.05,74.33,3.76,34.92,42.08,0,5,41.22,42.95
36.25,5.04,15.77,7.54,55.83,39.97,0.14,72.15,6,5,18.63,0.0
67.72,63.66,46.97,35.8,65.99,2.44,38.97,79.84,3,3,41.96,34.77
80.98,82.86,66.11,82.48,76.27,90.83,17.27,80.22,1,2,79.24,69.55
11.6,27.44,24.76,34.37,51.18,24.37,31.82,71.22,3,5,32.67,5.8
20.28,21.53,21.28,1.97,28.74,25.92,0.2,87.36,3,5,23.35,4.62
87.78,91.52,94.92,69.34,36.87,57.76,19.19,94.52,1,1,72.45,74.84
65.17,35.9,71.96,55.09,73.35,19.47,19.99,55.4,2,4,48.28,35.78
93.93,65.54,91.14,87.97,70.73,38.9,2.41,95.04,1,3,65.49,66.11
99.15,68.01,70.62,74.72,78.32,84.01,64.23,99.4,1,1,65.51,72.36
49.24,74.66,60.97,16.53,45.21,78.08,18.49,25.04,2,3,56.74,35.04
54.97,39.3,70.58,49.17,65.35,77.45,1.24,95.08,2,3,58.51,37.65
48.88,49.63,22.92,29.66,11.94,52.05,41.87,84.93,3,3,30.83,19.95
62.7,67.59,61.21,28.86,35.79,47.9,48.62,83.0,1,4,56.93,47.37
70.03,89.77,74.52,68.44,89.64,36.65,43.41,84.66,1,1,78.72,73.75
50.26,0.14,37.13,6.53,32.06,63.51,3.57,94.48,3,6,23.34,4.11
52.11,56.09,35.55,74.97,44.93,43.22,54.93,89.95,2,2,52.15,42.52
11.89,35.85,0.27,50.27,50.27,42.41,21.45,94.4,4,3,33.44,6.75
74.35,87.93,86.84,69.63,88.51,8.85,66.02,87.02,1,1,76.13,71.52
62.06,61.08,50.81,55.78,51.05,79.03,50.3,68.87,0,5,55.55,48.15
91.5,69.58,95.7,97.67,73.24,50.62,51.18,85.72,0,2,82.57,83.54
99.76,97.99,77.23,66.7,79.3,40.15,82.26,97.53,0,0,72.18,84.08
74.09,52.55,76.77,57.68,30.79,43.11,3.48,78.83,2,5,45.21,48.5
50.56,32.71,49.45,54.51,44.93,58.67,1.6,66.37,2,5,48.38,31.0
39.18,82.23,26.55,32.56,47.27,27.32,40.95,53.69,1,1,54.41,39.45
49.54,48.7,71.14,72.43,74.32,0.06,39.76,70.83,2,5,59.56,38.78
88.57,98.32,67.07,91.72,46.93,14.55,76.4,75.05,0,0,76.51,80.06
44.55,34.26,20.93,9.15,44.5,37.27,3.9,92.78,2,4,28.43,21.15
16.41,20.23,35.48,13.8,49.1,17.52,10.46,45.58,3,3,25.49,1.48
86.18,72.89,79.89,94.97,74.56,61.85,23.93,78.11,1,5,67.96,70.31
71.42,59.04,45.12,27.64,61.96,26.79,48.68,89.53,2,2,48.18,39.29
13.19,48.99,1.84,11.45,49.58,6.37,13.11,52.7,3,3,30.37,10.03
98.97,68.78,85.93,76.68,66.79,90.87,29.01,93.72,0,2,83.6,76.46
71.26,98.58,92.6,66.02,64.1,67.85,29.97,86.0,0,0,81.42,82.49
90.09,89.75,99.85,63.15,75.68,90.06,54.79,99.08,0,1,92.45,85.98
75.28,70.73,39.73,40.14,40.64,76.97,16.33,75.64,1,1,51.78,50.58
76.67,92.93,87.19,75.91,53.24,85.57,65.67,92.95,0,2,89.28,80.9
77.1,69.4,69.85,37.54,38.05,15.32,35.72,38.69,0,4,52.34,58.08
45.95,36.74,53.45,47.72,44.22,60.19,33.97,67.59,3,1,51.5,26.91
39.23,43.07,41.6,29.45,21.88,0.44,32.36,59.49,2,2,31.75,27.07
49.38,48.61,25.26,36.26,72.92,55.52,28.43,36.38,3,7,44.22,19.81
46.52,45.08,46.28,29.18,55.22,69.48,1.17,65.6,1,1,43.91,38.27
76.42,36.26,43.09,55.84,72.58,79.53,21.04,78.68,2,3,49.18,40.17
81.09,89.87,95.48,64.69,44.49,89.66,46.83,84.14,0,0,85.7,78.32
74.38,73.67,68.89,65.33,41.42,35.88,41.33,86.38,0,2,61.66,65.32
43.51,39.75,60.55,19.16,6.42,5.9,36.37,54.77,2,3,34.39,29.04
47.24,74.35,66.94,59.33,65.96,25.67,65.35,97.3,0,1,61.33,63.27
87.06,92.93,98.2,62.89,50.15,5.14,84.07,94.52,2,0,76.81,72.79
77.5,73.65,84.51,68.87,75.09,53.95,45.24,98.78,0,2,72.22,67.56
51.88,35.06,65.4,58.14,64.92,39.37,44.75,85.0,3,4,51.84,26.79
59.39,77.33,73.46,37.11,79.62,12.42,59.74,71.42,2,5,69.08,42.85
48.66,75.96,58.62,69.03,77.15,1.32,18.54,76.79,1,3,58.75,55.55
90.44,81.11,67.47,62.98,42.76,58.87,7.42,95.58,0,3,66.37,67.44
98.41,74.78,88.27,62.87,79.96,79.98,83.16,99.81,1,3,76.3,74.04
97.97,88.93,66.77,99.29,79.43,29.37,40.02,93.16,0,0,75.03,83.0
56.23,47.26,46.59,57.45,50.76,38.32,11.14,98.67,3,3,53.19,36.98
58.65,72.63,67.66,50.99,53.12,86.39,66.95,89.67,1,3,62.95,53.22
68.04,60.56,46.86,31.87,60.32,52.35,12.04,47.57,1,1,46.37,47.69
71.06,74.05,86.25,96.93,77.85,70.84,28.07,77.79,1,2,68.07,68.78
23.44,0.46,34.19,2.21,30.3,61.86,49.94,63.52,4,7,21.76,0.0
26.98,38.1,18.77,28.7,64.59,15.01,15.65,89.28,1,3,35.21,23.99
58.41,46.93,50.87,57.12,78.48,58.47,45.23,93.59,2,4,54.97,37.25
50.48,76.59,25.58,39.88,26.36,16.13,22.35,49.1,2,3,42.85,29.5
38.38,41.58,47.09,47.88,40.94,45.44,53.78,35.27,2,3,38.08,26.62
57.82,67.83,55.5,32.69,70.59,59.7,66.45,83.53,1,1,63.99,51.13
99.57,90.21,86.3,76.66,74.13,12.04,27.72,78.12,0,1,71.78,80.19
47.99,8.43,38.99,25.32,64.33,36.33,18.94,59.73,3,4,32.46,8.29
28.94,5.23,6.93,15.48,53.67,54.67,10.26,68.81,3,3,25.41,2.25
50.88,40.27,78.28,19.49,4.45,25.14,45.62,50.69,3,6,39.96,20.94
19.0,47.39,28.19,43.07,57.91,35.91,37.07,63.23,1,5,46.26,28.74
79.51,62.19,83.95,42.68,28.16,36.84,2.75,45.32,1,4,52.42,54.93
51.41,12.66,46.28,9.47,9.16,54.69,22.29,84.7,3,6,30.42,2.82
73.32,76.2,91.79,60.43,68.65,55.55,45.74,87.11,0,3,70.79,74.16
83.43,82.9,71.92,59.04,39.12,3.54,48.76,78.89,2,3,63.26,56.82
74.09,52.19,39.66,74.23,54.98,30.81,62.55,97.46,0,2,50.27,60.19
52.57,61.75,67.68,73.47,75.55,7.75,14.81,83.61,1,3,57.69,47.85
84.28,99.2,88.75,62.14,63.29,85.66,4.61,90.95,0,1,81.95,84.66
46.71,38.58,54.68,27.0,71.77,77.92,0.94,93.35,1,4,45.41,43.99
31.22,44.24,38.94,16.08,15.7,38.44,18.65,61.47,3,5,39.35,10.17
72.1,68.94,86.89,59.9,87.81,26.52,2.19,96.38,3,2,71.34,51.78
72.16,62.12,72.84,56.13,71.76,62.69,32.38,89.1,1,3,69.85,56.75
48.67,35.99,35.65,32.91,26.19,11.92,39.14,79.01,3,6,34.44,17.06
56.95,56.31,63.8,57.04,46.43,63.45,20.26,94.24,1,4,58.7,51.1
47.9,68.81,52.52,35.4,62.6,39.32,6.13,99.43,2,2,55.18,46.65
37.23,24.69,29.06,52.51,63.76,8.4,18.44,70.84,2,2,34.32,22.4
53.95,61.23,50.3,56.12,49.58,71.62,66.8,74.46,1,1,58.02,53.5
49.94,72.33,53.35,33.83,36.72,70.7,65.5,78.24,2,0,57.33,41.63
56.12,55.02,62.67,52.06,34.85,44.22,32.24,84.1,3,4,51.29,34.45
25.66,11.04,36.1,21.66,11.03,60.66,21.59,90.75,4,5,32.11,4.39
66.57,56.31,51.78,72.19,67.05,86.93,59.24,93.6,3,3,64.82,47.83
86.64,68.6,98.23,84.1,65.56,18.79,43.84,83.56,0,2,64.54,73.87
73.09,73.46,67.65,40.98,27.29,83.28,69.44,69.45,1,3,64.53,61.38
81.18,33.63,51.98,68.23,50.64,34.77,31.0,26.43,4,5,43.87,24.11
63.51,49.76,36.2,62.18,39.58,58.01,39.14,80.08,3,3,46.31,29.05
59.19,56.11,54.44,46.95,37.62,65.24,9.31,96.8,3,3,49.82,34.21
74.76,59.07,79.75,52.24,65.63,12.8,54.25,49.48,1,2,55.75,52.82
10.58,38.13,35.83,15.11,48.23,9.82,41.2,88.31,4,4,35.44,2.3
22.8,20.14,16.5,36.12,57.0,12.33,12.74,50.21,2,4,27.85,11.31
88.0,92.84,78.77,66.03,77.02,2.27,69.33,95.11,0,0,68.49,86.06
57.95,59.65,37.52,57.19,81.7,60.81,32.52,98.63,2,1,57.23,48.24
65.32,44.27,36.64,55.9,42.15,47.97,18.28,89.03,2,1,43.96,40.07
56.79,43.87,38.24,63.42,72.62,89.71,65.42,80.21,2,4,58.82,34.1
74.37,80.36,96.27,75.33,74.75,43.94,31.7,86.02,0,2,71.7,76.26
68.04,68.96,70.76,86.05,79.99,70.01,61.47,99.86,2,2,74.32,61.59
39.81,45.41,54.47,49.87,44.68,62.91,34.3,56.49,1,2,46.22,34.49
79.17,75.74,79.25,34.84,17.09,14.63,52.43,55.59,2,3,53.51,51.9
83.16,91.87,71.06,96.2,72.61,29.67,75.29,89.97,0,2,79.01,79.3
70.11,76.66,73.37,29.35,83.83,13.45,2.88,91.21,1,1,61.3,61.75
69.89,85.37,82.05,59.92,60.57,53.9,61.45,85.35,0,1,70.46,74.65
98.26,91.44,72.04,80.45,67.72,11.97,16.29,98.92,0,0,72.31,79.9
22.5,2.9,9.07,53.52,43.65,62.33,1.08,83.27,1,6,19.23,4.29
69.46,92.96,69.36,55.63,85.19,25.23,49.5,95.97,1,0,68.56,65.7
50.49,7.36,7.99,40.41,31.81,59.64,7.05,46.99,3,5,18.5,3.79
45.55,56.93,46.99,59.67,42.27,43.35,14.04,93.98,1,4,56.36,47.1
93.88,84.85,95.83,68.16,51.29,30.95,1.41,79.25,0,4,71.23,76.37
63.08,37.95,68.99,66.28,37.79,71.86,25.3,79.81,1,4,54.21,50.51
62.01,64.32,38.98,70.99,68.13,8.71,60.83,91.03,3,3,49.56,44.12
66.47,71.99,77.49,28.54,55.22,78.63,0.22,80.3,2,2,66.16,48.69
21.89,41.21,23.07,2.36,67.47,58.54,17.39,58.5,4,2,37.85,10.42
68.24,51.41,38.66,71.81,34.84,85.02,7.23,74.34,1,4,58.87,49.01
95.98,66.74,83.54,57.86,73.23,88.9,70.64,84.29,2,5,78.37,64.91
25.43,49.79,27.99,30.18,64.25,72.72,29.18,84.81,2,4,51.97,21.9
14.9,11.5,40.27,8.23,48.37,53.85,17.67,57.91,2,4,30.47,8.07
23.2,41.93,4.16,30.31,38.41,24.49,48.52,50.35,2,4,30.15,14.36
50.18,72.31,59.49,37.24,48.61,81.6,62.08,67.42,1,3,58.57,45.65
38.89,77.44,67.35,60.42,59.39,40.58,56.81,32.41,1,4,57.75,51.12
70.52,48.43,45.34,38.13,67.82,25.81,28.19,84.1,1,3,49.8,44.34
41.3,25.85,3.84,39.13,36.28,23.23,0.5,56.55,1,7,26.11,17.54
47.71,41.01,50.39,65.67,63.06,78.11,69.61,72.09,3,3,65.07,36.68
67.32,61.69,48.7,30.93,59.69,66.55,39.1,65.13,2,4,52.79,45.45
66.53,40.37,61.72,72.35,47.3,30.36,1.98,67.01,1,5,48.35,40.8
85.96,88.73,77.57,78.8,69.51,18.42,84.51,80.1,0,3,75.57,77.55
68.83,74.26,78.77,78.41,60.17,83.51,77.46,82.93,2,1,71.99,67.81
74.25,96.8,82.75,95.07,74.63,20.19,32.7,99.2,0,0,71.83,78.33
85.5,94.53,82.73,57.68,42.0,35.71,27.42,80.49,0,2,68.46,78.15
36.26,7.45,31.26,20.63,16.03,43.75,0.06,58.82,4,5,22.34,0.0
85.57,83.71,69.59,82.62,89.94,55.56,44.85,90.57,1,3,73.44,75.31
92.72,66.59,96.59,55.92,68.14,26.18,40.0,86.05,0,4,61.16,71.97
72.31,69.2,51.7,68.51,36.47,74.42,48.18,30.56,1,1,62.56,52.21
60.63,45.87,56.72,11.85,43.44,72.19,0.26,56.28,1,7,48.56,31.75
53.09,47.39,61.33,37.32,44.52,83.78,51.05,90.76,3,4,59.06,32.48
48.72,68.59,37.02,52.19,58.75,57.24,22.09,65.83,1,3,56.35,49.9
51.02,42.26,42.71,41.54,41.84,75.28,34.67,79.97,2,4,50.75,37.63
39.5,40.06,22.57,19.07,20.2,42.61,17.43,61.4,2,3,28.32,19.55
69.56,59.69,62.95,16.31,60.65,20.01,57.37,33.56,1,2,45.87,52.19
18.93,48.14,16.25,34.47,43.32,35.31,32.77,82.18,0,2,48.38,33.86
73.11,86.23,97.45,56.16,64.92,23.95,47.75,93.74,0,3,69.36,73.69
53.64,74.61,68.66,30.38,39.59,40.97,67.4,68.84,2,4,58.05,42.41
93.15,68.19,93.63,64.54,67.43,32.99,51.83,81.69,1,3,65.81,70.98
73.61,52.34,75.53,68.85,50.27,32.92,47.36,91.44,1,6,58.84,50.33
17.94,26.84,42.03,52.09,12.5,22.82,17.42,76.25,2,4,31.56,13.46
80.43,69.71,77.69,73.01,41.17,5.68,74.94,97.19,1,3,59.82,60.85
35.9,30.66,20.43,13.72,34.95,10.03,33.61,68.5,1,6,24.02,22.89
72.97,35.46,61.52,45.48,36.61,88.16,28.27,76.73,2,1,54.82,41.74
49.86,65.78,55.82,30.52,58.42,81.96,23.88,66.78,2,2,53.66,41.18
73.68,68.96,67.45,77.87,81.31,12.04,59.55,85.32,1,1,64.13,59.04
66.99,74.5,45.52,71.99,37.26,6.36,13.49,93.52,1,5,60.99,51.42
80.03,72.5,56.18,63.67,13.43,72.03,59.97,49.61,2,2,64.38,54.16
74.3,42.0,42.86,50.62,44.95,38.93,55.87,66.87,2,2,50.46,43.16
34.86,19.28,14.71,3.16,24.74,15.04,6.8,81.92,1,6,23.59,7.68
66.93,60.31,55.71,44.7,40.95,63.89,22.23,94.74,0,3,55.77,57.87
59.09,73.4,61.01,47.46,40.73,22.05,56.1,74.78,1,2,60.72,55.84
75.29,50.12,69.18,61.09,53.63,69.72,67.6,72.02,2,2,59.47,48.35
94.94,90.24,98.37,76.39,88.71,48.53,52.82,91.85,2,0,76.35,83.72
11.64,35.02,16.71,14.95,48.54,16.12,48.08,94.53,4,4,27.0,2.42
97.86,99.67,69.28,85.74,60.63,51.41,15.26,93.09,0,1,78.94,84.88
69.68,57.45,46.17,40.04,25.63,75.69,15.17,40.15,1,5,48.08,35.88
88.12,82.79,97.66,74.04,42.46,31.33,33.42,89.58,0,3,72.74,78.77
19.61,40.07,14.83,31.89,21.02,5.06,15.98,55.6,2,4,23.86,6.16
80.52,71.42,94.18,60.4,83.04,4.36,25.47,78.5,0,2,61.01,66.46
92.37,85.28,93.96,74.18,75.6,16.25,84.96,79.34,1,0,76.19,74.33
29.98,21.44,45.86,31.87,43.49,17.71,22.31,63.47,3,7,30.73,9.86
74.57,45.0,53.92,50.02,49.03,61.6,10.41,83.18,2,4,53.13,39.86
61.26,65.97,38.21,45.3,72.13,47.89,52.49,77.74,2,4,50.28,43.2
66.07,44.85,44.72,62.46,42.51,65.46,44.85,67.92,0,4,46.7,48.75
75.14,60.75,47.48,34.73,66.1,69.41,63.88,96.7,2,2,64.45,46.7
97.67,70.34,81.88,74.49,52.86,51.08,0.24,84.5,0,2,68.51,77.4
49.65,52.25,76.41,35.72,35.49,84.99,66.49,70.22,1,3,62.96,43.03
10.24,31.43,35.9,41.45,64.82,56.54,36.61,57.69,1,5,43.68,20.0
64.59,50.03,45.32,71.4,80.67,44.66,67.35,79.55,2,4,57.47,42.29
47.75,76.57,44.8,49.71,31.88,58.23,27.36,91.87,1,2,57.28,57.26
44.8,17.07,29.48,13.2,61.63,72.39,37.65,49.44,4,7,37.62,0.67
71.34,61.53,52.94,70.37,29.61,72.1,25.86,52.99,2,4,58.85,46.94
36.12,13.15,48.26,50.62,62.1,45.11,48.83,88.74,4,4,35.8,11.11
37.2,16.33,1.49,15.22,48.01,64.73,0.12,55.4,2,6,24.47,8.15
34.98,42.93,17.32,7.52,55.94,74.11,18.02,88.27,2,5,40.44,23.76
92.42,95.22,81.0,57.68,38.67,56.87,78.08,84.99,0,2,73.49,75.47
89.68,94.66,97.56,81.55,44.68,53.03,56.59,81.81,1,5,78.92,76.49
85.39,86.99,95.43,79.33,40.18,88.05,48.06,81.79,0,3,83.18,80.39
31.46,46.45,14.46,54.46,1.35,8.89,9.28,48.98,3,4,34.8,8.47
95.7,78.88,90.61,87.71,44.76,48.96,78.73,81.58,2,3,68.97,69.09
71.7,53.89,55.91,36.12,84.3,80.31,42.02,98.62,1,4,58.21,54.36
54.73,47.27,69.03,50.97,25.81,31.83,24.5,29.67,1,3,43.77,40.94
66.47,41.76,51.37,35.41,64.1,10.11,31.35,85.87,3,6,37.6,28.94
52.65,37.43,46.94,31.84,47.15,63.23,48.44,76.14,2,7,44.83,25.95
53.56,77.12,58.1,53.1,25.47,16.37,24.96,98.81,1,3,58.03,49.27
65.93,56.34,76.17,29.16,72.43,25.12,56.47,94.67,3,2,49.65,43.15
78.9,82.33,75.59,88.4,74.73,92.33,34.05,94.64,2,3,81.65,64.66
98.98,90.06,93.44,90.7,75.47,71.39,79.0,97.85,0,2,89.22,83.63
45.6,20.22,16.59,27.86,58.28,47.74,6.99,63.11,3,5,32.5,7.6
75.18,78.73,75.37,73.37,37.24,6.27,71.26,77.56,2,3,61.69,58.57
79.37,94.24,97.2,57.77,36.7,15.09,65.13,80.12,0,1,72.46,77.85
89.5,92.3,69.97,95.41,60.46,75.53,4.39,84.01,0,0,76.82,79.87
41.46,32.01,38.17,35.82,44.89,26.22,1.41,67.09,2,2,26.48,22.72
39.58,27.98,50.92,15.8,18.34,13.76,27.22,55.27,2,4,20.35,16.02
69.37,64.76,67.71,55.3,52.61,40.4,50.16,78.2,1,4,57.49,50.67
41.76,47.98,35.46,28.89,24.18,57.47,10.6,34.76,0,2,34.59,36.89
29.39,22.48,45.32,1.48,60.54,36.39,17.56,90.34,4,8,30.12,0.0
71.8,43.41,66.47,31.46,37.34,45.05,52.21,90.88,0,3,46.83,45.59
78.34,85.96,72.27,56.92,73.09,2.07,82.52,83.76,1,2,63.84,70.05
56.69,63.17,52.46,52.81,41.67,29.94,5.75,92.35,3,0,51.38,45.48
67.9,69.76,55.94,43.35,69.69,17.23,41.96,90.68,1,3,62.71,54.31
33.84,22.48,17.53,0.22,1.42,18.03,5.83,50.98,4,3,18.64,0.0
80.07,99.64,83.27,56.54,54.12,63.74,19.09,99.11,1,1,74.34,72.49
75.63,73.78,40.98,29.0,43.74,54.73,42.11,74.51,0,1,60.02,54.67
75.44,72.53,97.19,70.8,81.01,45.41,38.86,97.59,0,0,70.92,82.78
74.66,90.28,78.08,75.43,40.6,59.19,68.29,90.62,0,2,76.65,75.5
89.97,92.76,68.59,96.28,36.65,65.4,32.68,91.69,1,1,81.42,77.57
65.95,59.94,58.37,54.46,76.52,55.0,13.71,96.99,3,3,56.18,38.61
85.98,93.95,67.13,77.05,38.77,40.73,29.24,78.43,1,2,62.96,70.92
70.16,43.42,73.88,43.81,20.37,30.86,18.07,42.25,2,3,43.13,43.42
27.53,22.1,42.0,46.73,35.78,47.43,11.96,91.75,4,6,26.0,6.04
59.85,64.33,69.24,42.47,77.39,19.71,39.4,70.29,2,3,55.49,44.69
67.96,38.94,62.57,70.47,58.31,32.59,55.55,89.95,0,3,53.97,53.27
58.24,76.28,59.66,50.43,84.21,20.66,27.86,91.6,1,0,59.76,60.33
47.96,74.72,40.53,52.29,49.08,12.08,20.51,87.17,1,4,54.81,48.44
23.8,3.38,16.84,44.49,46.61,17.89,35.96,80.39,5,7,26.85,0.0
93.93,76.33,89.68,85.38,53.48,15.36,59.07,96.23,3,2,76.19,60.47
27.26,36.62,17.02,0.35,42.24,45.07,31.38,58.41,3,3,29.86,15.54
67.43,59.72,56.96,57.43,30.16,81.92,23.46,72.86,1,2,64.68,52.81
47.05,36.8,39.09,25.25,44.63,27.94,30.11,73.15,1,5,37.75,24.7
79.68,97.28,74.16,62.58,71.56,46.63,4.02,94.7,1,0,66.89,72.88
27.2,44.42,30.4,17.91,0.66,43.98,26.27,85.59,3,2,33.34,12.76
55.94,53.63,44.61,34.17,73.31,20.5,51.59,89.9,2,3,45.95,38.41
34.47,49.67,9.85,3.98,49.29,22.05,30.41,64.59,0,3,30.46,27.85
42.87,41.61,12.71,48.52,42.67,61.74,3.43,62.84,2,3,47.48,23.39
25.19,25.04,16.09,47.88,41.94,41.35,47.22,78.25,3,4,40.72,10.87
16.59,40.82,35.24,51.53,46.87,1.29,25.52,90.18,1,3,33.34,27.13
76.96,76.44,88.38,76.22,61.8,76.63,23.67,91.81,0,2,72.19,75.34
47.64,31.22,47.87,45.54,17.1,71.24,47.93,43.27,3,4,39.14,24.64
58.55,34.44,31.7,20.39,70.39,63.47,49.49,56.1,4,3,42.0,14.39
66.86,73.59,39.75,69.61,80.34,83.12,0.34,72.73,0,1,68.47,63.95
82.27,98.17,80.41,96.03,57.5,32.94,9.13,83.95,0,3,74.44,78.34
88.58,81.97,75.39,66.7,47.36,49.92,1.49,93.47,1,3,65.0,69.48
67.06,77.22,50.9,38.11,17.79,43.59,35.59,40.54,1,2,50.81,52.94
76.54,42.65,37.38,39.82,34.41,62.6,0.4,99.33,3,6,40.17,29.0
48.08,84.81,31.72,32.97,70.15,29.64,12.59,27.2,1,3,51.96,44.46
10.56,42.06,31.75,41.61,52.99,67.74,4.67,73.58,1,1,41.19,24.66
21.54,31.62,46.22,28.81,13.59,41.23,29.4,65.14,1,4,34.74,19.67
32.1,9.82,39.84,3.79,36.23,3.97,26.42,79.3,4,5,15.17,0.0
73.5,73.61,76.0,30.01,42.77,41.66,44.92,89.6,2,0,54.89,52.64
93.72,89.91,69.9,96.69,82.04,74.05,10.78,78.49,1,3,81.93,76.96
91.09,83.91,67.74,79.46,37.97,6.72,41.26,87.5,1,5,63.34,60.4
68.59,59.91,41.88,59.31,72.04,5.93,42.7,92.67,0,4,50.38,57.44
81.51,60.04,65.78,26.36,21.75,68.06,23.89,55.43,1,4,49.85,48.03
79.0,99.52,92.8,89.23,42.43,34.63,57.85,75.54,0,2,73.94,82.27
74.05,71.84,97.59,82.17,76.29,34.81,74.23,89.55,0,2,75.86,77.31
95.74,74.13,99.87,72.35,41.6,30.03,48.75,84.79,2,1,72.4,69.5
47.43,19.75,50.85,1.98,47.37,58.65,21.26,45.55,2,6,33.88,12.73
17.87,24.2,53.37,41.74,38.3,39.62,8.37,67.32,2,7,29.49,11.13
72.78,95.35,69.27,86.75,57.94,55.01,1.99,75.0,1,5,77.33,62.39
49.47,58.49,57.74,55.14,73.62,37.15,62.2,81.61,0,3,61.04,53.09
79.31,41.88,56.31,60.08,69.04,46.87,1.14,50.19,3,5,55.82,33.83
83.8,86.63,75.51,63.17,47.25,81.51,39.49,91.53,0,0,73.54,80.64
68.42,94.1,88.21,89.16,74.33,78.33,83.89,91.34,0,3,85.19,78.17
28.81,14.33,46.26,31.71,19.84,24.65,28.58,66.15,3,7,26.79,3.72
64.05,49.28,49.57,40.88,51.72,73.07,32.83,99.78,2,5,55.92,38.73
59.05,54.67,81.28,70.69,74.77,12.52,0.21,41.18,3,5,60.99,34.59
91.4,73.03,94.42,70.67,67.93,51.69,25.2,85.98,2,4,69.1,60.39
83.55,81.4,82.03,56.4,49.98,4.82,35.27,90.53,0,1,66.76,70.18
72.5,43.82,40.17,43.1,63.22,43.74,6.9,67.5,1,3,41.66,40.02
51.92,77.3,35.69,31.36,75.18,12.43,19.65,74.2,1,3,46.1,48.83
53.22,69.07,72.24,66.81,28.1,62.82,49.28,98.01,1,2,68.14,56.5
45.8,17.98,8.67,19.98,57.05,9.87,31.9,94.38,3,6,22.49,0.59
62.55,68.66,47.15,30.32,66.89,44.33,58.96,81.85,2,3,52.8,45.54
77.9,96.47,73.09,86.39,42.98,71.74,18.98,89.85,1,2,68.68,73.39
51.69,39.23,35.39,30.98,65.62,39.53,20.13,86.72,3,6,41.49,25.02
25.69,37.39,29.21,16.57,44.07,29.17,39.34,45.15,3,5,40.41,8.97
99.32,82.49,83.3,95.93,85.51,66.2,83.17,83.22,0,3,87.91,79.83
64.13,37.08,50.23,62.4,31.26,64.34,53.43,84.91,2,2,51.98,37.05
81.06,86.81,89.93,92.81,73.8,73.85,50.92,77.93,1,1,75.47,73.66
53.45,59.39,51.79,35.07,25.26,28.94,36.13,97.52,2,3,43.54,39.18
48.28,74.62,75.97,46.91,59.83,2.61,3.31,67.68,3,1,58.87,42.64
80.97,83.96,85.27,75.61,60.28,71.55,24.61,80.94,2,1,83.92,69.07
69.2,94.83,85.77,57.06,43.72,26.56,22.36,88.71,0,1,63.61,74.98
48.7,49.0,17.14,11.53,11.56,47.11,34.05,49.39,3,3,32.02,19.33
84.18,70.57,86.17,68.95,48.6,41.9,49.36,84.19,2,2,68.79,61.39
99.88,90.48,87.56,87.67,57.46,74.5,13.16,94.85,0,0,88.98,89.17
58.04,72.22,62.84,46.75,72.09,4.87,56.92,93.37,3,3,62.12,44.36
35.43,38.79,22.73,60.87,43.4,67.87,57.76,47.57,1,2,56.99,35.36
76.28,62.67,59.26,71.8,56.7,54.66,26.14,42.91,1,3,60.13,56.36
95.28,79.62,90.8,56.8,84.16,62.69,38.89,82.59,1,2,74.46,67.04
58.59,65.23,53.05,29.45,76.12,38.26,45.87,97.55,1,3,52.7,52.18
17.5,31.33,47.61,44.18,8.73,32.68,25.91,57.89,3,3,37.96,7.39
46.38,40.62,50.26,52.38,34.43,7.25,40.0,76.67,2,6,49.5,25.23
46.21,71.99,67.78,57.12,61.88,19.7,15.01,66.02,1,1,58.71,52.36
53.69,45.92,75.76,74.62,73.69,4.9,51.0,71.24,1,4,54.75,45.82
22.64,4.75,44.84,25.19,5.09,7.73,48.35,57.15,5,5,26.98,0.0
28.29,3.74,12.64,47.32,48.73,37.58,12.27,68.73,4,4,19.2,0.0
73.73,64.31,63.65,31.99,79.35,40.53,56.23,75.48,2,2,63.62,49.1
19.54,43.94,50.4,4.0,40.77,73.61,46.55,71.26,1,8,48.31,20.65
56.15,53.06,71.64,36.92,40.05,0.66,10.85,99.25,3,2,48.25,36.69
71.55,68.23,43.14,60.39,62.34,60.77,18.63,93.38,0,5,63.1,52.74
22.17,2.7,31.61,1.9,49.99,55.26,28.15,53.41,3,4,21.95,0.0
91.69,67.13,85.24,62.62,46.42,22.16,1.22,97.3,0,3,57.12,67.16
83.01,68.76,85.71,99.93,44.46,90.88,73.57,99.65,1,6,83.09,64.46
91.73,87.01,67.09,68.12,46.89,38.49,16.86,81.87,0,0,66.49,73.74
59.82,36.64,77.97,40.02,42.24,49.94,59.78,80.99,3,5,36.81,30.11
81.81,58.72,24.42,46.85,71.44,74.06,12.93,32.03,2,2,55.8,45.14
54.09,72.95,52.62,37.2,67.62,57.19,50.08,93.77,0,2,60.07,53.33
50.56,71.87,67.4,73.57,35.31,13.29,45.91,55.3,2,4,46.88,41.78
82.29,73.49,70.41,56.62,71.93,83.15,26.73,85.73,1,3,67.57,67.89
58.79,65.53,65.86,19.91,25.99,9.05,26.44,57.83,3,3,41.41,35.65
49.24,68.88,22.74,18.34,23.36,72.11,13.16,51.89,1,4,49.05,38.08
50.35,73.12,59.49,35.6,49.8,6.04,33.28,79.84,1,2,50.96,46.89
31.1,38.5,15.4,36.78,0.35,5.44,31.21,54.63,1,4,30.82,20.42
68.54,70.09,49.21,66.84,46.26,0.63,42.7,73.46,2,3,47.11,48.28
49.23,52.36,72.16,30.66,28.89,18.98,34.34,49.39,2,3,38.33,38.87
78.07,98.5,87.06,81.8,70.18,90.67,28.89,82.02,0,0,93.88,81.54
88.36,87.46,78.02,67.43,76.51,3.01,62.79,80.26,1,1,69.48,64.56
90.42,84.26,91.97,80.35,66.31,81.53,36.1,97.38,0,3,83.14,81.34
70.3,82.92,86.98,55.47,43.88,28.74,25.01,77.43,0,3,60.89,69.66
70.57,77.21,78.93,95.69,75.87,45.52,11.46,91.4,1,2,67.5,68.89
17.72,30.0,13.07,29.79,42.01,46.39,34.14,48.45,4,4,33.22,7.91
57.76,76.6,62.12,29.41,67.05,17.47,20.03,78.25,1,0,57.23,52.54
94.51,75.09,85.4,99.04,45.25,35.61,73.75,91.25,2,2,71.16,66.33
49.21,23.81,27.66,17.81,18.81,74.74,48.86,71.48,2,8,35.0,12.92
40.16,31.79,46.88,21.56,59.44,13.76,10.0,80.87,2,4,34.09,19.28
73.89,76.77,71.89,49.5,76.8,19.26,64.48,84.84,1,0,62.59,61.34
91.46,98.34,87.29,61.42,70.39,11.08,25.8,75.79,1,2,66.3,77.69
22.14,7.15,29.96,41.43,58.11,35.41,35.55,86.67,4,6,33.82,0.0
58.04,75.89,43.98,52.08,84.47,55.69,14.62,98.61,2,2,58.93,42.19
19.24,40.99,1.99,51.1,2.95,70.39,3.68,88.63,3,5,35.19,14.53
63.39,62.16,76.63,74.78,56.23,8.26,9.38,90.21,2,2,61.37,48.49
77.89,64.52,40.07,41.85,27.91,58.78,47.09,67.01,2,3,45.3,47.04
77.76,66.05,75.96,28.58,37.73,2.8,60.75,89.3,2,6,56.7,47.99
38.06,0.2,37.88,12.17,63.09,62.89,45.26,82.88,3,7,25.67,1.08
24.12,8.89,28.5,37.74,36.2,48.14,21.9,83.92,3,4,31.11,7.65
89.34,72.15,95.11,91.56,64.04,80.48,57.02,78.53,0,2,72.42,85.58
66.04,60.22,68.88,28.55,51.44,77.4,25.39,82.63,1,0,52.15,56.71
35.7,44.01,47.01,13.27,1.23,64.09,16.46,62.36,2,3,35.74,25.83
69.76,46.59,66.05,48.1,49.23,32.36,10.19,76.64,2,2,45.27,48.45
65.01,71.03,41.17,32.06,62.7,26.35,45.12,93.72,0,4,55.76,51.85
66.37,84.06,73.43,12.88,0.29,1.66,27.11,48.07,0,1,48.12,59.62
99.76,77.11,76.37,61.88,89.29,21.89,54.98,76.05,1,4,67.59,66.6
99.52,84.54,98.93,62.39,57.28,31.89,64.18,93.69,0,2,71.31,83.98
22.17,5.9,19.48,4.25,68.52,23.63,46.65,79.14,4,7,19.71,0.0
97.05,77.88,77.36,73.3,72.69,35.72,31.78,76.59,0,3,73.8,77.79
67.17,70.37,81.6,25.53,42.55,3.26,6.05,38.56,1,4,48.02,42.15
68.19,66.9,85.49,77.37,49.87,0.62,48.28,95.44,1,5,61.68,54.28
97.55,81.71,78.99,93.77,81.51,69.09,70.5,78.11,1,3,88.02,72.44
81.26,91.49,82.53,89.36,36.94,16.83,47.91,84.63,0,1,72.88,76.63
75.12,63.94,69.54,40.08,69.66,12.55,52.48,95.85,1,4,58.45,49.92
67.52,55.82,49.62,59.19,64.65,52.46,36.99,89.7,1,5,54.36,44.91
49.64,74.21,72.14,55.92,72.2,87.19,39.85,73.55,1,4,73.95,53.78
70.42,49.11,84.19,56.91,61.91,75.45,2.37,53.65,2,6,59.0,41.95
43.36,14.83,22.36,6.33,58.14,48.45,30.64,57.3,4,7,35.3,1.06
71.68,42.07,39.36,56.53,68.61,4.78,14.07,83.8,3,3,45.22,37.16
50.57,35.32,40.23,62.54,51.7,17.89,65.31,92.56,1,4,47.4,37.67
38.58,71.52,24.97,31.88,56.3,56.88,0.13,32.47,1,2,43.84,36.5
94.77,67.15,83.76,86.17,38.17,60.18,28.4,95.84,2,3,72.03,65.11
25.9,4.03,3.68,13.83,20.97,69.56,50.0,52.18,3,8,10.31,0.0
34.93,10.48,13.44,50.13,15.05,2.42,13.31,69.03,3,4,22.83,3.56
62.3,41.89,46.65,68.36,71.8,40.27,63.63,93.67,1,5,55.38,45.93
75.19,79.46,73.81,59.9,69.58,48.21,13.17,89.66,0,2,63.58,68.99
95.5,96.21,86.24,99.2,48.54,6.55,71.69,87.27,0,3,75.69,81.6
99.05,74.85,93.6,55.87,52.7,86.09,15.73,82.1,0,1,69.93,81.08
66.71,40.47,44.47,48.0,65.51,26.39,61.92,92.34,2,5,52.32,38.28
95.28,82.13,97.74,98.0,36.69,36.53,44.73,88.49,1,2,86.32,80.57
35.47,83.35,27.94,44.9,18.48,48.51,2.22,33.82,1,3,45.31,43.48
26.48,0.7,5.89,25.23,65.89,18.66,34.92,86.33,4,7,18.43,0.0
70.69,45.26,69.94,57.5,72.96,77.01,43.21,66.29,2,4,58.24,45.27
73.47,67.77,51.23,26.13,77.82,70.77,31.44,84.12,2,3,57.32,49.78
25.22,40.74,26.06,3.89,25.31,11.87,34.68,90.57,2,3,22.78,17.38
68.57,52.89,38.04,60.28,68.3,20.14,66.78,66.84,4,2,48.49,31.89
41.25,47.69,35.97,27.22,47.3,30.89,16.24,49.11,2,4,35.43,21.62
86.29,85.15,71.16,81.17,54.95,89.53,21.69,95.87,0,3,79.79,75.87
38.56,32.03,83.61,60.5,55.98,12.82,29.34,56.11,1,6,45.99,36.67
73.5,47.19,41.52,73.02,82.89,61.65,64.99,70.66,3,6,52.82,34.99
10.17,19.48,54.67,32.41,20.73,29.17,16.13,67.38,4,5,36.54,0.0
69.74,77.99,95.97,90.59,41.06,47.01,51.39,87.03,2,0,68.4,66.74
63.56,42.18,62.45,27.22,69.47,59.68,23.13,99.61,1,5,57.63,38.57
86.91,85.33,87.85,97.33,62.06,7.35,40.74,94.69,1,3,69.96,76.48
80.03,69.66,81.66,61.37,41.0,66.29,13.43,78.87,0,4,61.43,67.11
62.97,77.72,53.69,53.8,80.15,43.49,54.68,84.2,1,3,64.26,57.54
65.02,54.35,46.22,28.3,81.71,56.15,61.14,75.18,2,1,45.97,49.71
76.17,54.71,42.67,49.76,45.92,54.7,32.14,25.99,3,1,51.07,41.41
62.65,48.84,74.08,39.39,66.63,15.76,7.37,70.45,1,2,43.06,53.12
70.97,37.74,69.8,62.92,56.77,2.07,14.15,77.94,1,4,45.37,52.18
23.59,4.73,37.24,18.1,22.79,34.1,12.14,91.09,5,8,26.51,0.0
68.04,35.68,77.74,25.54,56.89,60.18,63.99,87.54,1,4,45.91,42.78
78.73,98.59,76.32,82.98,63.59,88.98,13.84,82.48,1,2,87.17,76.17
75.85,63.86,74.95,73.61,57.82,54.89,45.95,94.37,2,1,63.49,57.81
27.84,23.74,37.89,42.7,5.49,30.55,38.49,94.61,3,5,26.21,8.15
85.27,87.73,79.56,71.64,89.21,45.37,67.84,82.18,2,0,77.48,71.99
28.59,38.69,16.88,26.63,69.31,13.4,7.39,52.11,1,4,32.04,20.6
77.43,36.67,61.7,55.32,44.27,80.95,38.7,73.62,3,1,51.51,41.0
40.65,84.04,74.17,17.55,6.45,64.27,4.68,34.7,1,1,54.76,48.86
70.73,49.8,68.76,58.99,59.49,89.31,32.88,86.67,2,4,63.34,41.79
67.42,59.39,73.26,62.88,29.84,31.99,49.83,70.65,2,3,52.99,42.01
70.13,37.06,84.25,51.0,72.46,3.41,10.41,50.06,2,3,44.99,36.78
72.58,80.41,63.88,67.03,38.03,9.93,42.57,47.25,2,2,55.96,48.49
75.62,50.9,39.63,33.33,54.67,7.19,50.29,92.83,1,4,37.57,44.1
75.4,88.02,79.2,85.83,71.67,57.51,13.42,82.15,0,1,78.39,77.99
31.13,1.98,11.06,7.72,4.48,23.96,39.39,50.76,2,7,15.75,0.0
99.88,76.78,72.39,77.31,47.62,53.17,34.06,97.42,1,3,72.77,69.06
89.2,76.31,81.84,69.53,55.06,64.06,50.62,81.1,2,4,78.03,66.22
65.43,61.96,35.65,51.66,55.13,8.62,52.21,73.26,2,2,43.63,37.28
10.21,36.06,25.57,43.59,27.51,26.33,42.04,46.93,3,4,29.42,7.6
57.49,62.09,74.0,47.04,58.27,41.65,8.3,92.76,1,3,58.84,49.09
17.07,48.84,31.93,14.39,56.38,43.99,47.48,83.5,2,4,40.83,20.0
69.73,99.43,97.07,98.0,38.43,25.58,76.63,77.24,1,3,80.54,74.92
62.3,39.84,66.44,55.92,61.04,39.41,20.6,67.29,3,4,55.93,32.97
72.42,30.75,59.53,41.5,59.5,79.79,44.66,57.0,2,6,50.6,38.44
84.11,68.98,72.57,94.68,42.96,77.08,31.67,91.59,2,3,73.09,61.42
69.18,68.42,68.97,62.01,38.9,26.02,65.94,84.39,1,4,56.93,51.67
96.31,75.5,80.43,93.31,52.82,27.62,56.84,99.99,1,4,72.62,71.61
33.3,39.89,40.91,54.18,56.76,5.01,38.98,77.49,3,2,41.46,25.94
62.9,52.77,72.67,33.45,71.29,70.03,31.36,83.88,2,2,59.97,50.03
35.88,2.83,19.68,47.21,19.42,53.98,4.69,91.53,3,8,21.25,0.0
10.61,8.11,10.39,34.94,62.34,4.77,42.62,85.98,2,6,16.49,0.0
31.17,20.54,39.87,16.11,61.01,49.05,17.33,71.99,3,5,34.36,8.19
69.09,59.61,38.94,72.62,52.4,80.47,45.89,68.68,1,5,62.6,51.65
98.92,80.75,82.14,68.47,39.71,55.88,29.3,90.6,1,3,63.46,72.94
92.63,65.42,74.41,78.9,61.19,89.32,71.71,93.79,1,2,72.11,67.93
55.59,61.09,67.43,51.15,33.97,82.95,7.9,98.94,2,2,58.1,48.77
13.77,4.14,19.58,33.54,0.65,38.64,48.78,87.92,2,5,20.65,1.69
81.9,39.55,33.78,34.95,33.44,7.14,8.86,40.72,3,5,31.33,22.82
72.42,42.14,73.16,27.45,80.4,12.49,56.85,65.63,3,2,47.95,37.18
85.28,76.62,91.57,93.39,60.54,72.0,77.91,92.23,0,1,73.48,85.59
93.83,86.35,87.16,59.96,35.08,74.97,46.1,98.29,1,0,72.34,71.87
90.2,72.44,73.91,56.41,69.51,69.51,19.59,94.81,1,2,64.33,66.49
98.68,93.62,67.74,78.11,49.68,3.05,27.4,78.19,1,0,63.52,69.41
57.21,56.43,52.97,73.22,29.06,52.74,13.56,78.14,2,3,55.91,45.84
93.33,72.76,82.77,93.1,57.21,52.91,10.16,76.4,0,1,68.6,77.97
48.21,43.47,56.22,46.94,72.89,28.06,65.82,74.9,1,5,45.85,35.41
72.79,38.7,47.67,51.58,74.73,50.82,34.28,98.67,3,3,50.58,35.08
53.73,58.36,72.81,48.61,25.39,5.09,44.28,88.73,1,2,45.43,46.89
81.11,83.87,98.8,81.65,46.46,79.06,24.78,98.98,0,3,79.29,76.58
95.2,90.25,76.7,77.05,70.2,89.64,66.31,85.71,1,0,79.41,82.82
70.85,56.92,51.35,62.13,30.63,88.07,66.39,95.81,1,3,57.52,50.71
73.05,43.64,72.8,52.05,75.59,44.38,42.59,97.44,3,2,63.05,50.3
65.48,36.6,36.18,69.77,66.73,10.2,5.22,70.66,3,3,40.98,29.78
24.01,16.11,23.4,54.43,38.84,41.02,40.48,53.9,3,5,36.18,7.38
74.88,66.2,61.39,37.86,36.23,33.68,17.86,93.3,2,2,54.57,49.9
16.87,7.28,21.07,10.25,5.52,23.46,43.78,47.83,4,7,15.02,0.0
69.52,82.89,98.89,73.36,60.98,93.3,66.22,94.25,1,2,87.62,71.31
27.08,47.66,54.34,32.29,15.54,58.12,16.11,73.86,1,3,38.15,35.18
46.16,5.48,13.57,21.55,58.57,37.01,6.85,57.82,2,5,21.46,7.38
40.82,43.27,8.67,33.14,54.67,38.68,6.54,49.95,4,1,32.33,19.08
51.26,34.73,5.08,4.27,57.11,27.05,46.21,50.91,1,5,16.78,15.92
80.22,87.62,97.16,65.76,68.02,13.63,63.52,78.19,1,1,72.83,73.3
65.81,65.98,59.95,33.72,80.45,15.0,39.57,97.2,1,4,59.98,44.7
69.12,57.46,46.44,45.55,66.47,70.66,25.87,68.67,4,3,55.87,33.61
59.88,77.81,37.04,46.38,40.45,61.5,46.39,35.56,1,2,61.52,46.52
71.89,64.19,48.1,64.76,57.31,46.84,59.83,34.23,1,0,57.81,53.76
57.44,37.44,36.71,61.25,43.65,1.91,5.7,71.85,2,6,40.32,25.46
48.72,65.18,76.69,31.53,34.16,56.58,10.64,69.41,2,3,56.84,46.78
69.38,61.4,60.8,59.31,63.79,78.68,39.81,79.04,2,3,62.54,51.06
69.39,61.99,38.68,47.33,73.71,89.71,32.68,68.01,2,0,54.76,50.74
58.11,36.22,57.31,48.78,45.75,59.28,28.77,85.01,2,6,48.77,35.72
59.5,69.43,60.45,71.69,53.24,43.11,3.0,71.91,0,1,53.6,60.23
83.2,87.62,76.84,89.94,43.03,8.67,79.46,98.04,1,2,68.55,72.66
71.68,69.59,92.33,82.09,51.49,15.4,10.49,93.53,1,3,64.19,63.73
59.46,38.77,55.96,67.34,28.11,42.94,61.13,92.65,4,4,52.99,28.57
71.98,81.07,87.02,92.22,60.37,92.22,50.65,90.11,1,3,85.42,74.28
83.49,77.47,80.36,65.0,42.74,30.45,73.86,95.13,2,0,73.44,66.3
30.42,42.64,5.95,53.35,53.7,54.89,47.01,68.52,2,2,44.89,26.85
69.17,45.62,44.91,54.31,50.31,14.49,53.3,83.63,2,5,54.42,32.34
17.44,40.62,43.35,44.82,40.72,26.39,38.55,69.0,2,5,45.1,19.52
54.32,42.09,82.55,25.73,0.83,67.99,57.27,50.24,2,3,49.39,34.52
95.78,86.61,66.13,59.88,37.5,90.11,36.25,92.89,0,2,66.06,75.12
71.03,62.07,57.38,72.41,54.74,80.31,2.53,88.01,1,3,68.99,57.66
24.07,46.86,13.79,4.09,54.03,30.35,17.79,61.05,4,3,26.3,1.29
51.99,53.51,37.67,25.03,52.18,67.14,30.59,83.13,2,3,48.96,36.24
18.92,22.89,45.71,51.8,38.01,36.97,38.23,94.58,3,6,30.91,8.62
78.35,84.36,90.6,90.13,43.57,20.59,63.25,77.9,2,2,68.35,68.66
92.88,87.61,82.75,94.26,46.12,76.07,15.96,99.76,0,0,80.92,84.7
74.2,67.13,65.28,87.37,59.94,4.33,79.81,91.64,1,1,66.79,67.16
34.78,48.94,39.97,54.37,38.55,50.88,36.89,82.74,2,4,41.0,29.1
68.96,33.6,47.71,25.8,62.24,73.42,9.86,40.41,3,5,47.71,17.23
90.12,69.81,94.4,88.97,51.77,47.38,67.93,98.37,0,3,76.89,75.85
16.42,36.99,39.82,40.83,24.14,55.49,41.33,62.36,1,4,36.19,22.52
15.71,40.53,27.0,2.34,68.08,58.36,10.74,91.18,3,3,37.8,9.13
48.38,10.75,25.35,8.51,33.46,48.19,0.93,77.15,3,8,23.51,1.33
83.87,83.66,74.33,98.27,48.95,25.67,68.93,98.07,1,2,71.07,69.9
67.52,51.87,58.11,62.99,39.77,17.64,56.39,66.3,2,4,48.22,36.45
58.67,57.75,43.34,66.31,83.85,48.66,26.2,92.71,1,4,62.06,45.33
85.48,85.56,85.9,62.4,74.66,23.02,80.59,80.7,0,0,69.92,79.58
81.7,71.28,80.01,61.14,53.59,18.9,69.37,93.23,0,3,62.63,62.6
58.2,76.77,69.07,28.91,34.54,2.39,9.68,83.53,0,4,52.99,50.89
99.03,78.33,76.78,76.37,63.48,39.9,41.34,83.49,2,2,73.15,70.54
49.52,23.65,48.5,24.42,33.43,47.47,10.8,55.87,3,7,38.88,12.81
45.88,37.61,74.54,72.84,63.47,16.65,25.77,75.69,3,3,52.17,29.79
28.02,20.87,26.9,32.55,62.59,34.33,46.51,64.68,2,4,32.92,9.81
78.7,73.77,91.06,96.97,79.92,30.4,38.74,81.18,0,3,71.61,72.03
42.51,16.97,16.27,20.98,12.71,55.98,23.75,89.29,3,5,30.05,7.82
90.06,90.82,90.25,76.16,81.38,57.56,84.46,95.39,0,5,82.3,81.21
55.93,39.66,43.57,65.17,64.14,84.86,57.47,79.08,2,5,54.31,33.9
40.27,75.37,25.05,70.37,46.81,13.33,49.04,44.08,1,2,50.45,48.21
11.69,15.91,37.03,12.68,31.53,69.9,41.34,72.9,4,5,39.78,0.0
51.3,38.58,47.57,55.53,72.66,82.12,29.61,79.78,2,6,58.86,27.48
92.21,76.12,83.8,94.27,86.49,22.82,77.46,81.3,0,3,76.34,80.65
45.33,14.94,46.92,17.8,16.36,0.11,11.79,50.92,3,5,16.37,7.12
21.99,15.43,35.22,51.64,69.41,26.79,47.32,75.62,3,5,34.96,6.08
15.79,8.83,32.2,52.66,39.7,54.94,9.39,90.71,4,6,25.76,0.0
38.51,10.59,0.47,4.09,0.03,67.9,31.08,51.92,2,8,16.42,0.15
84.71,69.25,92.85,73.56,73.27,2.88,66.12,80.74,0,3,65.99,70.7
42.73,19.31,13.44,18.95,20.76,47.48,2.23,47.07,3,5,25.54,6.84
97.58,91.51,79.1,93.65,69.0,54.17,26.61,91.58,0,2,76.55,86.46
50.13,44.55,69.97,37.79,30.73,29.76,65.46,89.28,3,6,48.86,24.05
46.3,31.2,14.57,2.26,7.37,38.43,48.59,82.97,2,4,26.68,11.75
83.98,79.15,70.79,65.01,50.68,16.5,18.47,97.91,2,0,60.54,66.69
48.08,26.3,34.9,19.85,30.24,56.31,2.5,46.83,3,3,37.83,15.66
72.28,72.65,44.55,41.88,75.22,8.07,8.18,81.79,1,2,54.87,53.99
49.22,32.19,43.36,25.49,15.96,62.44,34.22,59.48,0,3,39.39,34.7
88.0,99.96,95.32,94.4,72.42,43.81,57.56,83.03,0,1,88.65,87.37
55.9,44.66,53.86,30.89,79.09,6.27,58.62,73.44,0,5,48.77,44.61
16.37,27.45,18.69,48.72,61.06,23.55,33.58,61.91,4,6,34.69,0.32
93.52,89.13,74.84,73.98,38.8,56.77,75.47,77.95,0,1,76.13,78.79
27.23,42.23,23.59,33.84,27.85,19.2,23.57,81.02,1,5,32.46,22.03
94.53,74.66,95.62,79.87,43.36,70.23,13.36,93.01,0,0,72.84,84.93
66.97,62.26,52.22,62.91,71.28,62.67,19.05,81.43,2,1,65.03,43.83
91.95,95.46,70.83,56.8,40.8,57.59,35.84,79.88,0,0,62.57,79.55
63.4,75.22,47.12,65.41,67.19,54.91,25.86,35.42,3,2,56.55,45.92
96.18,87.75,94.53,75.0,47.32,27.58,72.65,78.05,0,4,67.58,78.02
49.24,71.96,39.2,37.52,25.89,89.36,44.9,87.53,1,6,58.41,43.58
11.52,6.63,30.09,4.96,19.77,30.28,7.86,80.21,2,6,24.91,0.0
74.68,52.03,62.62,66.7,62.27,20.35,8.54,85.68,2,3,57.47,46.92
35.39,49.41,42.05,23.66,47.33,46.2,16.87,71.68,1,5,36.05,29.3
30.51,40.49,40.68,42.03,30.05,72.09,20.26,84.66,3,6,44.82,12.01
80.24,70.6,99.55,83.94,44.54,72.64,51.16,93.06,0,4,79.97,72.3
41.66,0.76,44.28,24.15,48.56,20.41,38.48,94.11,4,5,18.99,1.74
69.14,47.23,37.06,68.7,60.34,68.26,42.23,83.08,2,3,57.38,42.58
53.5,83.52,69.09,41.52,32.19,10.36,36.91,26.94,1,3,50.37,46.05
57.39,40.9,50.16,63.95,62.27,39.37,57.44,65.15,1,3,45.99,43.22
10.82,26.31,45.58,29.98,25.2,35.3,4.03,69.82,2,4,31.85,14.61
97.51,84.47,87.64,90.07,69.46,39.24,53.34,81.31,0,3,74.97,81.43
88.47,68.16,80.19,93.97,77.23,66.83,40.0,86.17,1,5,78.33,66.8
68.4,73.86,65.13,73.78,61.2,41.52,16.95,88.09,2,2,66.32,55.4
78.81,80.84,78.52,91.82,81.69,38.27,38.06,98.92,1,0,76.11,74.46
73.09,93.22,75.74,85.41,64.71,78.47,63.82,76.59,0,1,86.28,76.78
71.68,53.7,37.39,68.53,56.6,72.76,27.45,85.6,1,4,55.05,50.3
54.96,50.23,53.58,53.81,65.97,60.81,29.66,81.87,2,4,54.86,35.69
42.32,69.21,66.02,54.3,49.71,1.78,44.53,43.49,1,2,56.08,45.77
58.0,43.14,62.18,62.04,80.28,50.59,19.29,67.48,2,7,52.8,39.39
67.02,59.71,63.02,48.16,41.02,43.45,26.71,89.83,2,1,46.62,50.23
97.95,73.55,91.29,59.93,81.86,17.15,33.51,99.14,0,2,67.23,76.32
84.86,81.97,97.27,89.38,85.86,48.62,37.97,89.15,0,3,76.42,78.8
59.73,44.69,59.2,42.92,77.53,47.55,28.82,91.24,2,5,50.16,30.97
44.31,48.93,25.15,36.75,20.52,6.56,12.65,45.72,2,6,33.87,25.91
89.56,71.56,65.21,98.66,36.48,32.47,54.19,84.26,1,0,62.54,71.18
40.08,53.19,35.54,12.39,73.43,58.72,12.97,39.89,0,4,48.73,34.6
79.19,97.61,95.96,68.19,61.57,83.95,57.0,90.93,0,0,84.15,83.72
69.05,56.16,48.47,58.32,52.01,86.65,24.65,90.11,1,4,54.26,51.1
40.85,2.53,27.48,52.88,19.92,67.82,7.55,45.33,4,4,28.08,0.0
38.28,33.95,41.09,36.84,58.4,41.86,17.53,68.34,3,2,35.8,21.49
94.58,91.48,76.81,97.53,87.21,81.39,2.5,84.28,0,4,83.82,81.15
49.83,27.58,49.72,44.82,23.65,61.03,5.87,52.94,1,3,43.82,34.62
52.82,38.35,57.47,34.98,28.89,73.18,23.0,85.28,2,4,46.71,35.37
55.26,39.7,39.97,49.78,33.33,20.11,11.54,93.09,1,3,44.92,38.3
57.62,58.0,50.42,31.83,79.82,65.92,4.64,96.7,1,5,55.64,44.5
93.18,87.51,83.14,71.45,40.11,67.51,33.56,88.37,2,1,76.41,71.4
56.12,49.72,37.94,59.34,27.7,0.13,2.17,72.12,1,5,41.71,34.27
64.7,71.33,70.22,66.18,75.65,79.18,38.87,85.83,0,3,65.5,66.63
46.71,52.44,41.91,42.81,57.7,45.46,34.33,65.64,1,3,46.61,39.96
97.34,87.07,72.62,72.73,40.33,2.1,77.85,91.88,1,4,67.62,69.19
74.06,78.85,76.94,78.65,49.66,75.76,0.64,94.79,1,2,76.98,63.2
46.89,1.72,14.42,6.54,6.86,70.92,40.28,63.24,3,6,21.23,0.44
40.35,8.01,26.93,8.82,42.18,48.57,13.83,84.04,5,7,25.07,0.0
51.74,67.08,62.6,39.05,83.03,72.93,8.88,70.69,2,2,66.17,45.82
82.19,72.77,82.17,66.12,80.75,68.5,77.06,79.95,1,1,62.96,77.6
46.15,20.35,32.23,24.78,31.52,9.58,42.11,64.53,4,7,25.34,0.0
61.36,46.19,36.76,56.49,71.79,84.75,24.85,78.97,2,7,48.43,35.03
51.92,59.65,51.0,42.39,29.94,6.58,26.52,97.42,3,3,43.67,31.42
46.96,51.98,40.64,67.68,75.42,25.87,42.83,77.73,2,3,52.05,38.57
84.4,65.84,68.16,58.65,38.15,31.71,30.4,92.45,0,3,59.35,63.63
79.61,70.88,98.57,71.02,40.4,69.05,60.5,81.03,2,3,72.91,60.11
41.58,34.63,37.77,28.7,24.56,54.04,5.82,52.05,2,5,33.92,21.81
80.26,91.61,88.02,74.58,47.34,89.91,34.67,96.95,1,3,81.62,76.08
76.77,74.44,78.63,73.48,69.87,28.53,23.19,84.02,1,2,73.76,69.11
70.13,56.97,62.83,71.0,26.79,31.46,64.88,94.31,0,4,61.07,53.59
22.0,6.61,42.94,31.69,67.44,30.49,17.45,59.54,6,7,33.12,0.0
94.09,73.25,81.06,85.27,43.21,50.47,72.01,89.6,1,1,73.53,68.04
65.19,57.65,48.04,46.77,74.76,27.04,62.27,99.7,1,0,57.71,52.56
11.64,11.78,14.31,16.35,64.35,13.15,8.68,79.58,3,5,22.86,0.0
40.38,44.83,35.06,51.77,27.29,54.94,36.28,58.43,3,3,36.76,16.82
23.23,48.22,1.32,34.06,7.86,53.9,18.18,88.53,4,7,36.11,1.27
56.33,44.04,37.72,50.87,57.4,39.96,66.54,65.48,3,6,47.9,26.31
95.61,91.06,94.15,65.61,65.49,39.52,54.37,93.82,0,0,78.43,84.87
70.32,77.45,88.63,90.69,54.02,7.96,64.55,84.78,1,4,64.57,69.24
46.9,31.33,30.22,60.3,40.32,46.55,58.06,43.68,3,6,37.6,19.11
30.04,15.71,31.66,6.98,21.53,37.81,12.71,46.96,2,5,22.46,2.19
72.93,95.67,69.56,96.29,71.96,50.18,23.66,83.99,0,2,78.16,79.31
12.29,37.13,39.77,0.72,62.46,9.91,48.04,48.54,4,3,32.29,6.12
94.45,66.32,87.14,81.2,63.12,35.64,25.46,98.92,1,3,73.46,70.61
56.32,79.41,22.8,17.01,36.78,36.32,26.29,44.88,1,0,38.21,44.01
37.24,41.49,17.01,0.35,66.08,3.32,34.0,61.09,1,2,30.23,24.79
10.85,13.74,29.59,24.08,43.42,28.6,19.53,62.43,3,6,27.84,2.11
68.95,51.7,61.52,70.18,75.77,46.38,50.17,78.74,2,4,58.22,45.75
91.32,68.55,65.3,85.41,62.54,90.44,21.04,78.08,1,1,62.89,70.6
97.46,83.93,89.37,60.89,39.92,33.6,44.24,89.39,1,1,62.54,72.56
79.5,75.64,79.76,83.07,68.17,66.34,13.32,76.15,1,1,70.47,65.96
16.87,45.12,17.68,54.05,19.98,54.42,18.83,86.83,3,6,40.94,9.27
76.32,99.7,97.39,61.23,46.22,10.15,17.11,82.26,0,0,71.0,76.31
60.06,57.76,43.84,61.58,59.8,10.1,62.72,75.58,2,1,46.66,45.29
78.22,80.18,88.98,71.46,65.76,0.55,32.72,98.62,1,1,68.48,76.23
46.97,35.53,25.11,4.02,8.35,0.02,17.96,46.17,1,7,27.67,16.45
84.61,99.29,80.56,94.35,55.98,59.19,40.96,92.22,0,2,81.91,83.43
11.03,0.01,48.56,40.11,67.07,21.94,39.4,85.08,3,7,30.71,1.83
56.01,43.97,73.06,32.1,50.33,56.05,68.03,88.48,1,2,56.77,46.8
25.82,4.92,47.85,0.99,0.21,35.61,3.46,53.86,6,6,18.35,0.0
94.75,81.49,68.44,68.53,62.61,1.3,21.46,83.4,2,2,58.12,65.7
52.89,52.32,61.82,57.83,26.84,48.16,57.16,72.22,1,2,47.28,49.27
65.66,58.68,38.97,48.77,9.84,33.3,17.07,49.8,1,5,49.19,38.47
46.22,37.02,14.72,48.28,41.97,55.55,10.26,52.87,2,4,39.75,21.51
70.56,76.39,70.87,73.3,74.47,94.37,17.18,81.65,1,3,77.41,66.62
11.4,48.99,53.03,1.23,34.97,30.11,12.71,93.89,1,4,38.83,26.85
36.12,32.58,3.65,39.31,28.63,35.53,29.25,93.77,4,6,34.12,5.28
66.81,65.28,61.14,40.02,38.26,8.11,49.2,98.98,1,3,54.95,51.92
74.66,97.65,65.55,79.35,55.74,62.64,18.74,99.03,1,2,66.94,73.11
33.23,6.93,38.75,31.87,39.6,55.36,32.67,63.31,3,6,32.62,3.23
93.05,72.32,70.77,93.21,73.62,72.78,29.78,90.44,0,3,77.37,73.96
48.23,54.48,54.75,72.4,22.61,41.71,57.49,32.45,4,3,51.21,25.3
51.81,69.33,54.93,45.25,66.54,85.25,21.11,67.34,0,4,69.27,47.36
84.85,88.39,76.63,58.71,52.71,65.6,83.16,79.75,1,0,78.22,67.36
47.03,46.43,69.52,52.64,44.74,52.5,18.8,73.44,3,3,51.68,31.75
43.5,36.11,42.99,13.93,5.62,0.88,8.77,48.69,1,4,28.77,23.59
99.87,85.89,88.1,78.22,88.12,13.71,5.73,95.4,0,3,72.35,78.95
32.99,27.99,8.65,16.21,49.7,1.75,29.76,70.85,3,5,26.81,5.03
98.79,69.56,92.91,55.63,55.04,48.94,2.53,93.35,1,3,68.15,63.77
56.09,36.94,74.26,54.6,62.89,39.65,26.09,66.63,2,5,58.33,37.26
60.32,53.12,68.72,54.98,25.08,68.57,33.78,83.09,2,4,56.89,43.39
54.36,35.06,56.2,40.56,51.05,1.06,28.12,81.46,4,3,33.69,22.49
73.27,61.9,77.29,60.67,68.45,6.85,19.27,85.43,1,3,65.99,53.38
73.61,71.04,70.14,56.02,84.59,32.21,8.14,69.64,1,4,65.28,51.75
68.59,41.59,57.36,34.26,53.12,38.74,42.32,82.83,3,4,42.93,29.51
74.34,72.77,96.1,96.62,47.68,72.08,71.04,84.44,0,3,83.06,81.28
52.49,77.69,46.88,46.92,40.85,44.65,7.73,93.32,1,3,49.3,44.56
47.91,42.08,24.5,45.87,37.0,47.86,33.73,64.98,1,3,38.95,30.28
64.32,71.02,36.0,37.02,58.67,9.55,14.39,91.22,1,4,45.8,53.12
76.84,58.47,48.43,45.57,59.13,55.75,18.75,71.91,0,3,58.11,51.65
30.33,28.34,34.95,13.0,65.39,25.9,30.23,73.05,1,6,32.92,18.43
95.59,74.0,86.41,75.86,86.38,74.3,28.47,95.34,1,6,76.56,66.14
44.86,27.81,51.06,7.96,24.9,58.72,15.4,67.15,2,5,30.79,20.31
55.0,40.88,70.89,39.13,73.13,87.61,23.24,98.96,1,4,62.44,42.63
76.23,74.19,98.0,66.04,63.03,33.24,30.71,85.21,2,5,71.49,60.55
56.75,67.45,56.65,50.46,37.59,2.78,56.65,94.94,2,5,56.27,40.24
99.32,67.17,99.08,58.1,52.46,23.82,22.07,99.87,2,1,57.87,69.79
68.77,81.21,97.14,55.76,74.88,24.74,18.62,92.59,0,4,71.42,68.03
35.18,21.13,11.75,41.91,4.96,48.2,34.42,56.16,1,5,18.1,14.82
47.22,49.83,62.02,41.66,71.08,17.09,10.01,73.09,2,6,48.48,33.01
76.77,48.96,68.93,69.38,23.5,26.3,32.75,40.11,2,3,55.27,52.06
12.24,17.11,0.89,45.15,8.2,5.79,39.33,49.48,4,5,15.42,0.0
75.31,97.62,94.02,67.86,46.34,14.9,18.8,80.13,0,1,71.16,75.72
27.88,3.86,43.95,14.1,61.46,56.42,49.09,86.59,5,5,34.94,0.0
52.84,63.51,49.71,27.76,83.07,75.95,21.26,69.54,0,4,49.21,48.95
77.11,67.16,76.19,81.89,43.57,90.54,61.41,80.1,1,3,72.18,65.01
74.89,70.24,71.09,84.48,89.79,61.86,83.7,89.43,1,5,76.64,56.09
65.56,80.74,28.64,59.94,17.61,27.47,53.94,40.22,1,2,41.57,50.11
97.4,84.68,81.81,57.94,36.38,90.57,40.28,94.66,2,1,69.09,70.19
55.85,58.68,36.72,43.94,58.38,0.43,44.66,66.78,1,4,39.96,38.04
55.15,53.26,38.74,60.36,26.48,37.21,35.43,87.75,1,2,41.74,46.2
20.69,42.36,3.03,14.98,7.57,33.53,31.85,71.55,3,2,32.72,10.5
31.12,22.1,29.1,30.14,21.74,64.07,10.38,46.64,4,3,29.7,3.79
52.43,49.35,58.42,37.98,41.65,77.33,14.25,30.5,3,4,53.63,32.01
51.46,12.32,11.49,16.86,55.1,13.99,9.81,65.59,4,5,20.95,0.97
47.92,44.52,48.29,53.96,58.29,57.88,57.32,71.55,1,5,49.73,42.93
70.89,74.93,73.51,95.51,84.16,54.9,62.48,99.99,2,2,75.4,62.26
12.71,35.65,13.86,14.02,38.31,52.22,7.96,60.73,2,5,39.24,12.07
47.65,76.04,74.02,34.5,64.79,71.38,8.54,85.21,0,2,67.46,59.92
80.93,34.36,48.01,50.35,66.99,12.76,20.04,54.52,3,7,42.18,29.9
98.35,84.75,96.65,60.31,70.28,79.81,66.88,75.25,0,4,77.93,76.35
64.8,31.14,35.86,34.63,9.4,67.84,11.67,29.79,3,4,35.75,20.09
85.79,81.81,88.39,64.86,54.61,62.67,3.03,77.89,1,7,69.56,67.0
62.61,45.96,35.33,62.54,68.43,87.53,1.48,69.8,0,5,57.73,44.34
94.8,95.69,87.29,72.35,77.28,60.0,67.32,87.77,1,0,90.94,81.03
79.5,48.7,65.46,28.86,48.7,14.74,25.29,59.05,2,5,44.57,37.61
70.19,96.73,82.2,59.02,74.42,7.05,33.67,80.76,1,0,65.8,76.93
48.53,40.36,52.61,51.1,58.28,21.95,8.72,81.35,2,3,45.11,29.2
37.95,2.33,25.33,1.86,6.47,40.58,2.37,90.66,4,7,17.2,0.0
63.44,62.88,58.22,53.16,69.67,72.58,21.43,97.27,3,3,58.77,41.85
72.84,59.13,76.61,29.2,61.84,8.64,32.12,78.4,2,5,42.93,39.02
52.99,64.09,57.26,66.35,83.88,34.03,63.84,92.2,1,2,58.8,58.13
47.21,38.06,45.35,17.65,68.12,49.62,38.68,87.94,1,5,46.96,32.47
30.26,12.56,28.88,21.85,61.99,42.54,19.6,69.92,4,4,32.1,1.96
55.24,66.66,46.54,49.63,51.46,42.02,39.67,88.92,1,3,56.45,46.89
70.35,97.68,70.18,99.07,80.55,11.47,8.71,99.43,0,1,71.73,74.22
37.59,2.33,32.74,36.36,14.06,57.16,31.34,45.48,3,4,28.56,9.82
55.16,47.81,69.11,57.3,32.98,63.73,50.64,83.0,0,3,51.97,54.1
86.11,96.53,92.89,85.26,71.4,69.38,42.01,85.04,1,0,80.91,77.15
76.58,92.55,73.95,74.16,43.87,16.14,64.29,76.67,1,5,75.79,58.53
18.24,18.47,22.04,12.69,16.38,45.59,5.42,51.46,2,5,18.23,2.64
45.7,26.21,46.25,21.98,5.52,28.32,22.32,88.28,2,5,29.09,18.93
23.72,47.57,10.43,39.82,38.5,73.4,49.7,84.68,1,3,38.07,28.49
43.57,15.65,10.73,17.74,48.72,36.08,2.19,82.12,4,4,27.98,2.23
91.93,94.73,89.43,97.8,49.16,15.27,5.72,93.04,0,0,82.72,84.77
69.25,54.08,58.17,63.68,39.29,79.61,50.14,91.13,3,0,60.72,46.4
99.97,98.64,66.02,87.63,49.34,32.39,20.43,95.76,0,1,74.43,89.2
47.89,70.69,75.16,45.14,76.43,60.87,41.42,93.67,0,2,63.96,64.89
75.78,81.8,78.49,65.78,45.55,81.79,50.22,84.43,1,3,68.32,63.45
62.85,65.87,35.37,50.68,42.5,48.06,7.69,93.61,1,4,49.45,44.85
61.56,36.7,45.74,28.86,68.94,63.52,6.25,68.82,2,5,44.54,28.6
98.33,65.81,94.72,71.24,43.25,35.86,82.69,88.22,0,1,67.21,75.46
94.44,70.36,71.26,97.49,68.64,27.11,49.85,81.08,2,3,57.9,63.95
49.75,50.3,67.6,64.35,72.13,87.71,57.73,98.9,2,6,77.59,39.79
77.64,77.7,89.81,71.34,35.17,87.11,50.1,80.27,1,0,77.09,66.07
47.42,72.96,20.68,41.41,27.69,26.77,59.53,51.67,1,2,45.71,38.83
51.29,46.73,41.67,71.53,43.35,12.86,56.9,72.46,3,4,47.66,32.34
53.15,55.36,46.28,51.64,59.3,69.45,32.63,92.53,1,3,52.77,49.42
48.46,50.47,74.49,66.74,68.34,34.19,41.22,73.12,2,3,61.51,46.23
66.76,48.98,41.69,36.76,41.3,20.4,47.48,90.89,3,2,43.59,38.4
74.98,44.47,51.27,72.35,71.56,74.91,61.56,70.99,2,4,65.6,46.02
91.72,89.3,96.21,69.26,69.2,2.55,79.48,88.86,0,2,67.05,82.93
16.38,41.2,14.59,29.77,18.33,3.76,27.11,63.36,2,6,24.05,6.55
13.76,17.5,4.95,0.38,3.59,44.42,4.22,88.43,3,5,23.49,0.0
99.62,81.0,65.95,93.26,85.45,52.1,60.01,94.5,0,4,73.34,79.12
68.13,77.55,67.89,57.85,60.81,89.65,8.97,81.84,0,1,69.47,69.17
50.32,50.15,61.74,26.34,36.3,34.78,47.22,82.84,3,5,49.92,28.49
21.38,24.23,16.95,49.87,26.8,29.7,45.6,75.03,3,5,29.17,3.74
65.69,56.95,77.96,50.34,63.6,71.42,9.56,66.54,0,1,60.75,60.05
68.31,78.88,84.42,62.23,70.19,90.65,84.19,95.83,0,3,78.72,70.35
38.38,31.9,12.12,8.42,61.11,13.46,3.69,76.28,2,7,21.14,10.8
57.39,72.52,40.76,55.71,41.79,67.46,46.55,35.51,1,3,59.44,49.15
47.48,64.61,55.76,68.01,37.52,0.21,9.13,74.44,1,0,56.35,53.4
79.36,95.68,87.84,69.39,88.37,47.6,0.69,75.15,0,2,81.28,79.99
95.42,99.79,66.82,62.54,74.76,50.3,34.51,79.86,0,0,73.22,86.09
85.16,76.95,86.27,71.55,41.4,82.9,43.32,83.05,1,4,73.04,68.23
16.51,48.59,11.62,14.67,35.86,0.39,22.12,54.79,3,3,37.37,9.95
72.31,56.81,56.35,30.67,38.1,32.44,48.92,94.58,2,4,42.82,42.51
62.84,64.11,45.16,38.98,46.37,51.99,18.93,72.29,2,4,50.3,41.85
15.77,4.89,27.45,28.68,51.3,16.72,46.55,60.5,4,8,23.55,0.0
43.18,40.55,21.59,20.0,56.24,43.48,30.39,65.6,1,4,29.81,27.36
72.19,81.84,75.1,85.92,42.43,23.49,5.26,76.04,2,3,66.2,55.38
96.74,81.31,91.9,82.71,54.24,25.16,10.04,85.32,2,0,73.45,76.57
45.76,49.18,53.19,49.71,39.01,3.07,20.57,94.27,1,4,42.59,41.14
72.12,65.78,71.03,91.63,79.77,51.34,28.35,95.17,2,3,72.24,52.45
36.23,36.37,7.89,21.16,56.99,68.76,25.65,51.1,1,4,32.73,27.46
87.32,86.44,73.2,62.29,64.04,41.36,25.81,80.46,3,3,74.76,62.96
11.13,45.4,27.45,30.62,37.79,18.22,39.11,81.62,1,3,32.08,26.46
18.35,17.36,8.27,45.21,54.51,68.28,3.17,93.24,2,6,34.19,4.58
50.09,36.36,36.81,59.58,45.19,4.87,7.85,88.28,3,5,37.52,16.06
40.37,30.8,53.77,16.49,54.81,31.13,7.77,81.97,2,3,35.04,29.69
75.98,44.01,38.32,46.58,59.93,61.2,57.08,65.94,2,7,46.87,35.41
70.3,57.21,41.7,27.49,31.68,44.54,44.77,84.97,1,4,46.56,43.84
39.5,37.27,52.99,51.93,45.11,23.95,0.71,76.58,3,4,43.31,23.34
93.2,96.57,89.09,57.76,81.52,62.06,23.55,90.74,0,1,80.23,85.72
55.59,76.45,70.29,15.75,68.45,72.83,21.08,54.36,0,3,52.77,52.99
73.12,98.27,82.28,92.04,46.36,8.41,66.35,83.72,0,4,71.31,69.59
13.74,35.82,24.85,9.63,30.14,34.55,32.04,91.86,2,4,36.94,10.81
71.73,72.63,67.92,76.84,53.74,92.43,40.18,80.3,2,2,69.8,63.69
30.78,31.21,46.73,37.48,60.33,55.7,33.72,51.73,4,3,44.68,12.81
26.48,27.88,21.72,49.6,26.14,54.82,30.69,64.28,3,4,36.5,7.72
75.15,72.68,67.78,66.76,68.81,46.11,38.67,79.62,1,3,71.28,60.52
49.86,45.99,62.53,43.49,26.99,29.68,25.65,73.2,2,5,51.76,24.07
77.98,67.7,86.47,55.74,46.29,55.76,30.49,88.61,1,5,63.9,58.04
47.3,36.8,54.45,35.9,25.43,61.14,57.13,70.18,1,2,43.79,39.87
97.83,65.02,75.32,98.94,71.89,20.13,67.27,97.45,0,3,68.69,78.75
77.98,70.09,68.7,78.49,56.82,4.39,12.34,75.94,1,1,50.82,61.93
63.64,66.98,64.15,74.42,41.54,0.01,2.68,68.41,1,1,55.95,49.21
27.12,43.79,23.86,6.27,38.37,68.68,39.23,65.1,4,2,41.69,12.55
78.03,95.63,99.64,66.88,44.09,6.75,64.07,88.2,0,2,69.29,77.16
52.23,43.92,45.36,28.19,27.99,64.8,18.46,78.46,2,4,46.04,24.22
93.32,74.24,71.54,58.27,72.63,39.11,65.49,78.32,1,2,71.57,72.32
80.07,84.66,90.47,86.75,43.15,7.14,31.99,81.02,1,0,69.67,74.2
77.54,74.25,73.27,90.49,48.82,14.34,72.41,84.57,0,2,65.96,74.96
39.16,8.05,26.57,6.53,38.46,68.76,0.19,88.8,4,5,22.04,2.6
61.49,41.34,39.85,58.08,77.82,62.5,58.85,94.57,2,4,54.69,33.31
69.6,77.42,77.48,48.69,72.37,41.95,60.62,87.74,2,5,71.37,58.8
20.0,0.16,37.61,12.23,16.2,41.41,1.55,65.82,3,6,14.69,0.0
26.41,40.61,39.81,48.28,36.18,36.46,1.87,71.69,2,2,40.14,26.48
64.67,63.4,50.54,50.2,48.71,68.89,55.75,75.25,1,1,59.44,53.85
55.16,67.96,41.17,63.91,64.68,75.86,69.32,81.68,0,2,58.02,58.61
99.34,66.99,98.68,66.49,62.09,90.31,57.52,89.64,0,3,75.38,73.11
52.4,51.52,75.46,67.42,50.82,88.2,32.35,77.22,2,1,66.89,43.21
42.08,37.01,37.56,5.02,52.76,18.67,6.62,94.15,2,4,28.88,23.4
40.57,48.73,67.73,51.96,17.5,26.34,35.66,26.31,2,4,48.77,28.8
42.23,3.76,14.3,28.7,54.4,63.68,19.11,84.68,5,8,32.3,0.0
60.88,66.96,35.43,30.92,30.98,10.95,31.74,74.82,1,1,44.88,46.81
46.61,45.32,61.45,46.12,66.44,75.53,4.17,97.85,2,4,55.69,34.83
53.52,69.34,44.69,66.31,43.74,89.02,18.93,88.97,0,5,56.97,50.8
44.33,13.64,47.98,50.37,54.54,0.57,4.36,94.89,4,5,33.5,11.01
37.5,42.41,42.78,26.67,4.97,68.21,38.18,62.82,5,0,41.44,14.86
60.21,41.02,75.08,42.62,42.33,43.31,0.58,26.7,5,4,48.16,17.43
70.35,39.67,59.09,60.11,49.95,54.11,61.84,72.45,2,2,48.17,42.27
51.01,35.41,15.87,14.06,46.67,50.69,26.19,71.34,2,2,32.97,26.97
22.93,42.89,16.65,16.77,56.42,72.7,46.61,50.55,2,4,35.86,17.07
84.06,66.09,74.85,84.56,42.4,67.69,52.82,85.74,0,2,67.27,70.55
64.62,76.05,40.34,38.14,80.0,37.98,19.04,99.91,2,0,55.99,52.47
46.45,71.16,69.52,36.87,45.43,46.13,7.99,93.72,1,1,53.32,54.46
50.7,16.23,50.36,5.41,33.46,41.4,6.14,81.87,2,3,29.45,19.91
73.78,98.32,92.06,78.81,71.27,61.75,22.3,77.17,1,1,84.78,80.9
69.52,75.88,52.7,27.22,64.69,11.63,7.32,88.15,3,2,47.73,41.32
47.98,49.06,65.99,63.76,26.18,50.49,37.45,36.22,4,4,51.83,27.7
50.31,45.38,54.18,68.92,71.34,28.58,21.14,99.56,2,3,50.22,41.12
72.79,74.16,43.21,60.71,77.45,79.1,32.12,74.06,3,2,65.29,45.79
48.54,59.54,75.58,50.25,82.92,81.51,55.46,86.28,2,4,70.91,47.36
74.96,51.91,49.44,63.3,63.07,39.58,61.5,83.08,1,3,58.93,45.42
75.74,99.29,68.97,89.1,70.06,18.53,79.5,80.04,0,2,77.6,79.59
50.41,23.7,35.88,20.05,24.79,35.23,9.86,79.47,2,5,31.36,16.13
62.17,40.9,45.58,26.22,60.64,26.36,49.91,87.04,4,4,39.45,25.13
76.46,42.08,46.61,66.62,80.51,42.15,37.8,66.85,1,1,59.5,48.54
69.27,38.47,56.79,26.73,71.34,18.99,63.24,81.66,1,2,45.03,46.43
51.46,49.84,69.9,37.28,74.28,77.52,46.64,66.07,1,3,54.81,47.54
58.96,38.02,45.22,57.35,53.35,22.26,65.16,75.34,2,6,40.87,29.32
95.36,95.71,76.14,89.89,67.98,80.32,23.54,90.26,0,1,92.16,92.35
96.06,78.46,71.27,82.36,46.3,24.77,57.19,98.98,1,0,71.67,76.04
91.68,81.51,95.95,71.16,86.4,38.71,61.73,79.88,1,3,76.77,71.56
98.67,93.3,90.88,75.4,49.25,30.81,17.37,88.8,0,0,73.21,85.6
45.61,52.34,39.78,30.39,67.76,89.95,13.61,73.04,1,3,51.57,41.12
75.93,36.5,41.79,44.11,54.28,10.25,62.52,88.73,2,4,40.04,40.89
25.14,32.87,52.4,42.02,49.66,16.64,41.56,64.48,4,3,39.06,11.58
20.38,13.27,6.97,34.1,8.22,25.89,44.48,67.65,3,7,23.51,0.0
76.89,46.27,70.35,49.69,75.53,16.47,44.36,68.96,2,1,53.87,46.96
70.7,64.59,40.61,63.67,50.41,53.8,15.16,79.81,2,4,52.99,42.74
82.16,71.76,89.42,62.26,88.77,18.48,4.48,96.09,2,3,64.46,64.47
81.08,73.3,84.53,69.53,67.52,45.41,78.96,91.75,0,0,72.9,74.5
51.33,40.69,51.01,31.52,38.85,48.15,55.31,72.87,1,4,38.8,35.81
66.47,55.43,52.54,43.55,83.67,77.53,35.17,94.28,2,3,52.56,48.48
74.13,79.43,61.29,34.45,56.76,8.69,51.18,26.06,0,4,50.73,55.04
54.9,72.29,43.29,45.85,40.63,11.45,18.18,95.1,2,4,50.76,47.21
83.85,66.39,65.15,82.21,44.07,53.18,48.75,93.1,1,2,73.89,67.27
45.25,54.89,66.83,64.24,38.93,9.51,12.98,99.43,1,4,48.7,42.64
47.88,55.34,65.67,48.65,83.12,78.45,36.04,97.92,1,2,64.24,50.6
62.18,69.56,74.5,40.98,63.52,56.56,62.12,80.65,2,1,61.72,56.66
48.38,72.46,50.57,43.42,70.45,27.12,50.06,93.78,2,1,54.07,49.23
56.54,54.96,56.34,26.23,34.82,48.72,0.19,89.65,2,3,50.23,42.13
38.58,48.87,27.11,13.72,25.35,69.18,31.64,88.21,3,3,40.49,17.43
74.63,81.35,54.16,58.28,41.65,62.1,45.83,53.06,1,1,62.84,60.44
73.16,68.47,55.19,53.99,66.15,61.95,21.77,75.24,1,4,59.69,51.91
50.52,66.51,36.97,30.7,81.46,46.59,18.65,81.81,0,3,55.13,48.36
65.68,74.62,51.87,68.73,84.59,30.51,1.91,86.15,1,4,66.94,54.15
13.64,18.19,13.13,53.07,47.77,35.67,43.12,71.88,4,4,31.03,0.0
94.74,83.65,75.1,89.81,63.98,47.77,15.37,99.88,1,5,74.66,70.59
89.33,68.53,98.65,66.22,55.2,52.4,42.72,91.38,1,3,70.89,65.23
73.84,47.14,45.57,25.46,69.31,61.88,19.37,69.55,2,1,43.61,43.15
71.51,76.1,84.4,58.15,42.55,64.8,33.83,41.0,1,2,64.97,59.66
65.36,69.96,67.86,49.56,46.7,35.72,63.55,70.94,0,5,53.32,53.47
40.63,38.63,43.42,2.15,19.13,17.23,34.93,79.17,3,5,28.02,7.39
69.57,35.51,73.98,59.6,60.2,21.36,54.99,95.55,2,5,51.29,41.26
68.5,49.71,70.31,48.18,62.74,85.32,31.22,70.96,1,2,62.25,56.58
50.8,13.46,13.16,16.02,46.96,17.44,4.42,93.89,2,7,15.23,10.28
77.77,76.83,93.39,74.6,75.52,69.89,67.06,97.96,2,5,77.55,63.59
34.12,7.01,7.29,49.03,36.4,12.89,44.84,81.04,2,7,25.57,10.91
71.87,63.46,64.68,74.75,0.81,1.83,47.1,32.75,1,3,51.93,45.39
17.18,7.94,24.31,6.56,44.91,74.4,37.4,75.16,3,3,28.26,4.12
71.95,71.23,74.05,58.68,83.86,17.59,19.26,97.2,0,4,63.42,61.44
65.53,51.56,63.85,60.72,8.45,34.82,51.44,51.1,1,3,47.45,46.48
55.38,77.71,42.9,66.47,56.84,79.25,68.73,98.64,2,3,67.47,51.9
24.36,21.74,4.39,42.41,7.8,25.28,29.52,71.56,3,6,21.47,0.0
91.79,70.38,94.2,97.44,50.56,72.3,37.17,82.47,2,3,71.87,70.72
24.06,12.57,34.75,41.87,50.22,70.69,5.37,72.03,3,7,30.05,2.96
24.89,34.09,54.92,25.29,37.31,73.15,37.32,54.84,3,5,46.8,12.04
94.06,65.07,96.08,91.84,88.36,3.38,37.2,79.23,0,3,72.17,78.19
81.4,89.52,74.68,87.57,73.98,67.66,57.38,95.44,3,2,76.65,62.89
85.44,88.09,71.71,73.04,78.42,6.33,11.46,95.45,1,2,65.63,72.35
20.15,45.66,42.67,4.45,44.48,69.05,43.96,75.67,3,2,45.2,23.61
96.81,82.59,75.4,66.48,50.46,43.8,19.62,87.94,1,2,71.32,68.28
58.32,66.17,55.78,59.65,26.99,39.29,6.29,81.17,0,2,56.4,55.66
98.64,71.94,66.48,60.66,89.86,86.08,27.22,75.1,1,3,71.21,69.59
56.94,63.09,66.22,52.96,25.84,2.02,61.72,71.53,2,6,46.94,47.69
89.09,77.86,92.6,82.09,48.97,76.8,79.23,78.0,1,2,76.36,72.85
77.43,67.81,77.81,94.26,54.49,37.32,22.74,85.54,1,4,66.21,63.37
99.22,75.88,76.99,74.34,39.42,31.21,79.1,76.86,0,3,69.62,71.44
48.63,42.88,34.36,30.79,35.64,51.71,35.09,74.97,1,3,38.9,36.25
62.64,56.97,67.26,62.87,44.77,31.57,1.15,68.97,2,3,57.39,44.21
29.61,35.63,19.6,3.88,17.78,52.28,45.9,76.41,3,4,29.87,5.3
61.3,37.25,42.51,27.82,68.88,71.99,7.61,97.26,4,6,41.65,19.53
98.53,80.5,70.42,64.0,72.63,93.82,37.85,89.33,0,3,78.39,79.29
45.04,75.44,76.9,48.37,68.54,76.38,8.17,67.96,2,1,71.02,52.61
16.51,10.78,13.04,22.91,53.17,62.35,20.06,75.1,4,7,24.33,0.0
11.77,17.26,36.23,42.68,41.45,65.19,41.04,75.88,3,8,41.52,3.25
58.12,42.6,35.01,48.07,74.85,68.99,69.58,88.43,0,5,57.08,44.62
65.41,36.11,46.4,32.89,49.8,80.37,13.16,67.48,2,6,44.04,29.64
66.75,70.74,43.15,70.11,64.44,66.45,6.08,97.14,1,4,63.51,55.04
69.11,74.25,82.38,85.0,75.33,56.58,9.87,85.79,1,4,69.16,58.29
45.77,33.33,22.76,51.38,63.1,62.14,44.56,90.83,4,6,43.11,19.53
30.8,25.64,54.76,24.87,9.1,53.23,18.13,57.43,3,4,28.99,10.68
26.63,21.25,38.55,54.18,22.16,43.9,39.72,55.61,3,7,29.82,6.13
93.52,88.62,92.77,88.88,55.95,88.64,74.63,83.71,0,0,83.98,89.72
68.65,71.48,79.28,23.18,72.63,41.45,44.68,36.77,1,4,52.47,49.52
66.36,73.78,36.79,25.83,60.54,62.97,42.58,99.06,0,1,56.75,62.26
75.78,49.57,41.76,31.46,74.31,77.13,16.37,81.0,1,4,53.56,44.96
41.92,14.75,39.41,40.74,21.79,19.03,41.17,78.9,5,4,21.27,6.6
53.93,53.55,66.78,34.68,77.46,22.97,58.77,70.45,0,5,50.6,51.84
72.77,67.77,83.19,91.13,38.02,74.04,36.81,98.54,1,6,76.86,66.69
24.55,40.17,26.78,16.98,33.48,65.39,36.62,53.69,4,3,38.48,7.06
89.65,74.01,68.37,71.46,82.68,59.73,41.33,93.33,0,2,73.24,74.44
46.93,42.18,66.78,45.24,25.41,57.94,49.5,96.57,2,1,55.15,37.68
82.65,71.94,90.12,86.66,45.53,24.0,76.59,86.79,2,1,65.35,65.63
23.42,15.44,49.33,5.47,11.01,30.82,39.92,67.75,3,6,22.74,5.06
23.49,35.43,38.58,42.18,40.27,1.1,32.79,75.61,1,5,38.57,21.23
73.56,73.56,67.4,67.12,89.88,48.58,29.28,93.01,3,2,64.91,56.49
50.72,55.75,43.33,39.94,66.23,20.49,29.2,67.56,1,4,42.97,39.64
46.33,69.53,48.1,34.44,54.86,76.44,45.33,37.21,1,0,67.6,48.85
68.67,97.39,67.76,69.82,45.47,46.94,16.57,93.41,1,0,73.92,68.72
18.8,34.84,23.66,10.84,16.8,39.55,18.93,70.69,1,5,27.47,16.41
82.14,84.83,85.47,85.14,39.22,43.7,64.4,86.38,0,0,78.44,82.38
32.45,0.28,11.38,3.38,39.92,1.14,42.12,92.37,5,8,19.9,0.0
22.55,41.7,31.57,40.15,67.86,74.81,25.24,52.83,4,3,44.88,11.49
62.62,75.62,71.02,44.68,59.25,50.94,35.75,67.03,0,5,59.57,57.91
73.21,80.67,51.69,69.43,70.13,49.89,9.04,30.64,0,0,62.51,65.65
18.55,6.64,38.82,17.62,65.2,65.14,22.56,74.03,2,7,35.44,2.11
46.36,59.2,68.41,74.25,31.32,39.65,41.07,95.85,1,6,60.63,41.24
74.22,32.76,82.43,39.53,73.69,14.96,47.6,36.28,3,8,42.59,25.78
28.14,28.82,54.17,26.44,4.7,51.84,35.53,54.71,3,1,38.49,14.02
49.11,38.38,81.16,34.85,70.54,70.42,28.23,39.24,2,3,45.43,31.89
71.41,47.76,53.25,31.14,41.27,70.47,49.5,79.08,3,2,50.19,38.09
19.18,21.7,29.11,5.76,41.12,43.1,7.94,94.93,2,5,32.95,10.75
90.38,91.41,88.57,73.89,44.49,75.01,74.05,84.8,2,2,79.26,66.4
72.01,90.43,98.95,77.85,37.97,6.47,39.73,91.44,0,3,80.14,73.51
69.23,40.39,54.04,30.57,45.85,82.12,48.03,65.81,2,3,49.77,43.0
50.04,74.94,69.75,36.97,49.26,38.55,41.13,78.12,2,2,54.29,52.68
46.67,54.61,69.42,54.57,80.24,64.49,54.43,81.04,1,3,63.49,47.38
60.0,40.79,52.1,54.88,80.85,74.64,35.92,80.68,2,3,47.18,47.0
73.46,35.99,76.18,59.98,25.8,63.5,5.82,87.39,3,5,50.82,36.79
94.31,74.31,86.64,82.42,38.09,94.75,38.05,80.13,0,1,75.33,80.13
67.92,48.47,52.37,36.06,42.58,61.86,23.61,74.79,3,5,47.79,31.6
78.85,73.55,94.02,67.39,52.45,51.09,46.53,95.27,1,1,62.43,65.09
64.06,54.44,28.65,74.15,51.37,13.2,27.58,45.73,3,6,44.08,36.64
79.59,40.93,48.72,68.16,30.47,76.39,12.02,51.79,4,5,54.0,29.16
76.36,69.11,66.19,70.88,47.01,12.62,13.37,95.66,2,3,54.67,54.87
57.6,58.47,65.21,40.49,36.66,73.99,11.57,92.95,3,4,51.01,42.95
77.33,48.69,75.5,35.26,31.78,47.89,68.35,81.97,3,5,48.7,34.08
35.85,25.91,52.62,30.66,23.6,66.17,33.0,72.91,3,7,37.6,14.48
37.95,41.21,17.46,54.75,25.0,26.53,48.03,77.75,1,6,45.11,24.17
30.56,35.45,9.16,21.99,58.76,70.58,16.22,53.63,3,4,31.05,15.54
70.6,69.12,50.57,70.07,52.79,23.51,62.98,70.35,2,0,54.94,55.19
73.82,71.0,72.49,39.02,62.06,35.06,22.45,83.2,2,2,66.87,55.33
52.06,75.96,76.15,26.93,52.9,75.07,44.39,26.11,1,2,65.28,50.98
93.65,82.08,98.53,73.67,80.19,3.37,71.49,96.48,0,3,71.1,80.7
59.4,74.22,67.13,45.84,54.8,8.86,56.75,94.46,0,4,57.69,59.63
70.67,51.0,27.16,19.06,53.23,16.25,20.87,60.41,1,5,30.69,36.98
73.09,68.41,58.18,27.48,43.91,4.06,12.14,44.18,1,5,43.76,39.88
49.79,8.25,12.71,46.58,12.09,55.6,4.27,77.42,3,4,27.7,10.31
77.87,55.66,41.5,52.76,38.21,79.16,58.38,69.5,2,4,54.83,43.59
60.91,58.71,59.52,60.49,52.15,65.04,34.02,88.2,1,4,51.06,53.53
84.33,65.34,78.64,71.68,69.86,93.81,72.93,99.38,2,4,76.24,58.49
95.09,96.34,86.17,95.09,74.29,41.85,12.74,98.96,1,0,80.82,82.61
32.81,50.0,21.25,51.81,44.12,55.23,45.85,86.56,1,1,48.64,38.42
30.99,26.83,22.63,3.52,12.61,56.73,11.71,76.39,2,7,29.88,6.69
79.24,48.21,23.0,49.06,31.32,39.39,26.52,49.22,1,4,38.97,37.09
51.83,29.98,30.1,56.43,42.17,42.77,4.92,31.07,2,3,36.34,24.96
36.7,30.56,30.68,11.05,42.32,11.88,35.65,67.61,3,6,24.64,10.7
52.15,49.39,39.24,37.31,39.07,67.46,43.21,43.99,2,3,44.21,27.66
77.86,91.68,92.69,94.77,62.4,7.99,10.78,81.11,3,1,73.03,67.28
73.54,91.42,75.57,62.5,58.73,23.51,31.39,95.6,1,2,59.55,65.39
67.76,52.8,56.46,26.52,30.28,25.59,49.47,52.51,2,3,50.22,32.43
75.62,72.92,96.52,69.73,54.54,9.48,5.61,80.48,1,5,59.99,61.61
49.57,0.62,38.81,36.26,40.95,51.92,25.43,91.35,4,7,28.1,1.7
77.24,63.23,65.07,65.91,69.04,47.04,54.08,66.25,2,1,61.67,53.85
53.37,46.05,63.9,68.81,65.9,34.99,67.85,95.19,2,3,60.21,41.95
87.8,89.43,77.23,96.82,81.98,55.37,5.12,75.43,0,1,78.43,81.65
74.76,86.97,82.01,59.6,62.59,82.6,37.32,78.74,0,1,82.68,74.36
56.22,73.51,65.65,32.35,77.24,57.81,34.55,73.98,1,2,63.21,53.79
53.0,27.15,26.59,54.9,52.51,9.2,13.15,45.86,2,4,35.91,24.34
75.16,97.16,95.8,69.51,82.74,60.09,83.44,99.16,0,0,85.7,84.86
66.31,38.85,70.9,73.36,37.56,56.95,56.14,84.4,3,4,54.27,42.62
53.37,68.84,61.56,43.52,50.3,33.45,31.35,83.48,2,4,53.5,44.56
49.08,9.6,10.43,3.99,30.95,24.84,28.03,67.55,2,5,17.94,8.28
71.6,67.3,90.01,66.13,71.23,77.47,42.5,78.33,4,4,73.54,47.4
53.88,65.51,59.39,32.25,70.55,30.06,62.57,94.03,1,3,55.41,44.78
78.11,88.07,66.17,57.52,76.92,49.62,47.4,81.22,1,0,67.09,67.27
81.28,95.01,72.22,97.07,58.4,14.88,7.91,83.18,0,2,68.1,83.9
58.79,44.94,38.27,44.08,47.31,63.36,27.6,65.46,1,2,48.23,41.72
37.83,7.7,15.82,53.55,28.54,17.76,26.21,55.28,3,5,26.09,0.13
23.5,43.94,7.93,14.0,69.49,72.03,25.38,69.96,3,3,37.48,12.25
74.5,76.64,76.88,64.94,42.4,4.08,29.79,75.41,1,5,60.51,54.25
34.78,12.76,37.22,30.96,7.28,35.04,45.94,55.59,2,6,24.78,12.01
72.48,71.05,46.15,63.63,84.29,85.86,42.4,70.31,0,2,64.73,63.99
43.09,9.02,49.79,3.33,18.54,61.11,9.19,56.01,2,5,19.87,14.14
75.53,71.62,98.97,62.47,76.07,4.85,46.22,76.77,2,3,71.32,58.52
22.5,36.18,37.49,25.39,47.78,65.04,48.02,94.83,3,4,30.84,17.76
56.9,63.75,57.6,57.49,83.31,4.42,1.01,88.29,2,1,47.28,46.49
75.75,54.17,59.94,28.5,45.95,3.73,40.07,85.67,2,4,44.07,41.99
68.57,46.35,67.69,71.37,29.76,48.99,37.83,75.03,1,5,51.67,46.07
36.26,12.52,52.88,49.41,67.51,38.42,11.76,53.69,3,5,43.34,12.16
68.21,35.41,57.54,58.93,70.23,40.6,52.16,68.35,4,4,53.73,26.02
60.37,53.76,56.09,62.63,33.52,31.56,0.01,65.99,4,3,45.92,31.55
72.57,95.94,85.02,86.72,83.5,55.9,15.32,92.83,1,2,92.45,79.64
67.19,45.64,49.08,45.28,61.88,76.7,43.04,90.41,2,6,60.83,34.43
17.55,45.1,22.95,36.91,32.89,54.92,29.22,51.13,1,3,36.38,25.57
92.61,79.39,93.18,67.33,78.47,86.14,83.37,94.42,0,2,75.31,80.58
47.14,64.7,41.4,54.83,53.36,78.75,16.26,70.99,2,4,55.02,46.81
69.79,37.57,35.5,46.24,50.81,78.32,6.29,45.21,4,3,37.87,22.52
27.86,42.05,49.97,9.17,52.31,1.56,13.84,72.62,1,3,32.78,29.46
72.17,74.14,93.74,67.94,84.92,23.3,41.82,79.19,1,2,65.35,64.25
70.67,52.19,38.72,38.94,59.57,89.41,10.02,76.32,0,3,63.37,53.35
22.87,38.69,31.62,9.42,20.0,24.63,16.15,82.32,2,6,28.97,18.11
93.42,67.62,75.55,85.1,77.03,6.51,51.65,78.43,1,1,61.68,62.63
77.65,38.89,60.54,33.25,55.6,46.88,31.94,87.39,1,5,48.31,46.31
49.34,27.05,48.36,26.0,57.16,6.96,32.88,35.71,3,5,32.37,18.79
45.83,22.1,10.02,54.69,25.13,15.41,5.17,51.19,2,4,24.83,19.24
33.41,33.35,53.18,9.49,9.71,56.48,35.17,54.3,3,3,41.29,16.23
30.46,33.34,35.39,5.06,29.79,32.99,44.87,89.26,2,6,26.84,13.84
74.31,50.4,64.09,53.28,60.39,43.27,33.76,96.59,1,6,55.87,48.89
69.16,45.31,60.06,68.22,56.76,57.31,47.52,90.89,2,4,54.55,44.91
58.46,36.11,66.91,54.22,33.25,23.52,42.77,83.13,2,2,49.45,36.5
57.26,48.19,75.58,68.19,36.02,5.17,60.71,70.93,1,4,49.2,43.19
51.23,53.54,74.53,37.63,63.1,18.18,42.69,75.12,3,4,51.78,32.08
72.13,66.7,90.21,63.41,79.01,91.66,12.58,82.08,1,2,70.5,62.36
67.03,34.23,20.29,59.57,1.19,70.43,31.77,59.41,2,5,33.34,29.14
91.28,85.73,80.91,80.14,47.77,38.42,10.56,85.24,0,3,68.5,75.03
37.3,60.83,39.45,65.34,37.06,6.25,12.9,49.93,0,3,44.03,44.99
23.47,5.64,5.63,53.31,47.38,28.2,41.68,50.17,3,5,24.02,0.0
19.76,38.86,44.09,22.73,14.65,47.25,12.81,52.41,4,4,34.48,7.9
88.5,89.54,79.47,74.91,41.79,44.59,81.71,77.84,0,2,70.1,77.46
47.68,54.43,38.4,43.68,71.14,23.24,31.74,82.51,3,1,51.05,32.86
75.06,90.19,66.44,97.53,58.52,79.67,18.86,83.45,2,1,78.93,65.72
45.11,4.32,33.44,33.07,42.5,44.16,36.19,87.2,3,7,28.3,5.01
27.49,17.47,50.05,49.51,37.72,34.39,13.52,68.0,3,5,34.77,7.71
89.32,80.67,75.98,65.39,38.25,47.79,31.91,76.01,0,3,70.26,73.6
50.57,57.26,48.44,47.62,83.24,32.0,15.11,69.5,1,3,50.57,46.07
22.33,12.5,9.9,7.4,4.64,11.63,29.42,73.48,4,5,12.75,0.0
57.36,76.85,75.51,71.35,61.53,55.6,64.96,81.79,2,3,67.87,56.5
96.23,75.54,89.37,60.3,44.38,71.0,83.24,87.55,0,0,66.31,81.52
76.27,71.96,54.38,26.24,83.38,0.91,59.93,79.46,2,3,47.61,51.58
53.48,57.68,52.41,71.03,78.54,55.56,67.58,78.13,1,4,59.42,48.89
29.27,0.56,29.08,32.7,31.61,62.85,32.2,63.24,2,5,22.51,6.06
27.43,5.06,34.63,21.07,44.4,40.49,2.08,55.25,4,6,30.05,0.0
67.09,73.14,59.68,52.03,53.22,61.06,55.87,72.72,0,5,65.2,58.96
76.97,69.45,67.98,61.64,37.1,32.64,69.94,88.84,0,2,54.41,67.64
68.01,55.59,38.18,27.76,78.28,62.53,46.0,96.96,1,4,49.71,43.38
26.83,1.41,3.05,21.59,41.62,12.82,5.34,63.81,5,7,11.91,0.0
52.46,40.9,35.68,68.01,54.77,0.27,37.04,74.04,2,5,34.66,26.37
46.03,64.68,77.84,30.05,59.96,75.22,38.63,31.08,1,4,50.39,42.86
52.71,53.15,68.04,50.14,56.1,54.81,36.1,89.09,0,4,53.07,57.55
59.99,62.95,40.23,51.18,31.64,77.36,39.37,93.38,3,1,48.67,41.53
76.58,78.0,84.3,48.75,38.44,63.79,6.61,53.97,2,1,62.84,56.74
42.42,43.67,63.64,64.16,48.91,47.27,5.14,41.05,2,1,49.79,42.01
58.36,68.25,54.57,55.35,51.55,78.65,12.51,69.3,1,1,62.22,49.11
54.74,76.13,53.36,60.55,73.63,59.18,16.28,75.08,1,3,57.59,52.54
42.22,27.52,28.79,67.42,12.04,5.45,11.13,40.36,5,4,33.97,1.12
75.73,70.17,73.1,27.98,75.04,52.73,2.68,91.38,0,4,59.48,63.75
96.47,70.16,94.04,85.97,38.83,51.51,81.75,98.07,1,3,76.07,72.2
70.07,78.66,98.84,68.87,74.83,13.68,52.8,89.53,0,4,66.18,71.08
75.71,99.0,80.95,94.04,36.31,83.61,75.6,91.34,0,1,85.99,83.05
80.6,76.78,82.44,95.01,83.09,16.69,46.85,88.35,0,1,71.65,76.02
74.32,49.01,54.1,73.64,76.44,62.91,21.28,87.01,2,4,60.93,51.42
76.35,66.28,39.64,40.07,56.3,40.6,0.36,97.73,1,4,48.87,46.72
31.49,3.86,9.23,13.1,62.71,49.9,49.15,73.32,5,7,18.92,0.0
74.31,82.91,93.25,77.97,37.1,70.58,2.9,90.11,0,4,71.77,72.45
65.44,47.22,37.05,58.71,69.54,77.67,61.29,82.37,2,5,53.74,34.63
64.96,43.49,71.59,19.8,70.18,27.23,41.1,48.14,3,5,47.93,28.59
93.92,95.11,69.7,91.57,84.39,9.24,84.78,75.11,0,0,77.4,81.57
72.73,65.56,60.82,57.22,65.96,4.31,8.24,71.34,2,2,53.7,52.69
95.86,65.36,67.92,91.54,42.18,75.37,29.79,94.4,1,4,64.65,72.59
16.37,39.76,51.33,2.6,5.59,59.07,44.01,77.41,3,4,31.7,19.45
47.26,42.74,51.31,3.55,63.6,18.65,17.96,63.53,3,5,36.88,19.7
56.49,64.01,59.97,60.81,72.04,60.03,16.89,82.57,0,0,61.14,65.82
36.49,68.78,38.69,68.81,61.8,2.0,1.32,47.32,1,2,46.71,41.82
83.7,70.51,93.18,56.29,55.4,22.61,83.37,76.95,2,1,67.5,66.54
49.92,10.66,13.35,53.0,30.39,62.64,42.12,60.54,3,7,27.7,2.95
33.05,40.28,5.72,24.15,1.12,9.06,16.58,90.08,2,5,26.7,10.97
54.52,47.98,42.98,43.13,35.1,57.86,62.63,73.9,2,3,52.84,37.12
66.25,69.55,45.15,70.98,52.79,5.74,35.71,28.5,1,4,51.71,49.26
66.42,45.76,48.74,49.1,58.98,83.13,24.63,85.71,2,2,48.91,40.27
28.38,12.6,28.77,10.23,40.74,74.36,48.46,75.69,3,4,28.28,11.66
45.79,34.48,22.86,52.85,70.01,79.51,51.14,55.75,2,3,47.46,28.58
37.61,8.5,34.96,32.97,55.16,62.81,12.67,85.72,2,5,31.02,16.94
35.81,69.23,77.04,72.03,20.09,13.84,29.94,58.34,0,3,62.13,47.76
51.82,18.36,15.01,15.55,43.19,12.2,8.23,58.01,3,4,21.6,6.22
69.78,63.57,20.53,39.15,20.1,40.99,57.07,36.86,1,1,36.35,45.99
85.62,79.18,87.17,85.09,79.39,22.81,82.0,80.37,0,0,80.79,73.86
46.53,43.32,67.75,36.22,84.56,70.76,59.4,95.56,1,3,55.12,45.68
87.09,68.69,87.94,99.89,72.14,20.0,11.72,83.91,1,4,71.51,66.66
59.38,42.43,62.42,45.97,43.33,59.34,26.5,70.89,3,3,55.82,31.16
29.38,0.8,7.33,52.0,37.59,57.64,44.14,61.02,3,5,20.27,3.16
63.53,77.43,25.42,40.12,13.44,72.95,14.1,51.38,0,4,47.14,47.08
94.14,92.6,99.73,85.47,70.06,57.15,9.32,87.83,1,2,81.36,77.78
22.91,43.57,18.56,25.6,66.71,31.32,29.97,91.77,2,2,31.05,19.12
75.74,60.68,50.64,41.22,12.45,36.28,49.3,61.59,0,2,47.71,54.35
87.69,98.1,95.68,94.0,55.11,47.61,23.97,88.85,0,2,73.76,88.92
22.59,31.1,46.52,52.29,11.41,51.11,21.76,59.28,2,5,32.91,19.68
45.02,67.99,41.94,37.63,39.12,30.8,33.97,93.44,1,3,53.38,39.73
75.0,65.12,92.09,88.23,54.12,0.69,66.77,77.48,0,0,70.71,72.57
38.27,23.14,23.86,23.07,34.02,26.0,12.82,60.8,2,5,31.45,12.07
63.91,69.08,26.37,59.43,38.17,69.32,58.25,33.52,1,2,64.94,45.25
71.4,35.94,58.25,28.69,40.28,65.27,52.83,96.12,4,3,43.77,26.94
46.46,38.18,42.35,29.52,36.95,48.65,35.03,72.31,3,2,46.1,20.51
49.86,41.29,71.26,52.11,71.83,1.04,19.99,65.62,2,3,45.11,30.42
31.68,12.27,46.13,28.03,24.56,42.6,33.63,72.94,2,8,31.8,14.43
50.58,39.61,28.21,34.91,28.43,9.57,20.36,59.07,2,3,29.07,27.73
58.16,57.68,40.14,49.57,64.42,28.24,45.53,74.3,0,4,51.11,47.24
41.91,48.84,49.52,52.42,45.88,50.14,56.42,39.53,1,2,49.22,36.77
79.81,29.02,57.54,64.48,23.53,47.24,15.39,29.8,4,7,44.22,23.59
47.85,62.14,65.94,45.73,70.37,10.23,21.09,93.27,2,4,56.06,44.49
72.63,46.6,53.74,25.91,67.5,31.96,60.2,68.1,1,5,45.2,45.07
81.34,78.51,73.44,77.13,73.36,45.48,82.83,92.72,0,3,78.0,75.76
84.67,88.55,77.55,67.75,46.96,34.47,20.77,94.08,1,2,74.57,70.81
94.54,91.38,82.5,65.51,79.6,11.83,35.53,95.43,1,1,71.86,80.07
40.3,40.53,3.46,51.74,16.03,24.92,42.03,65.31,2,4,26.74,18.11
88.24,94.56,97.31,73.0,75.42,37.12,27.1,75.61,0,2,76.98,80.22
18.54,40.96,47.26,25.51,50.72,23.9,0.89,80.48,0,3,36.35,27.93
46.76,72.67,77.34,56.73,71.09,45.54,16.56,96.92,0,2,62.85,60.35
89.13,65.18,72.71,62.02,53.71,86.29,6.77,83.94,1,0,59.22,70.61
41.28,21.1,16.61,25.4,53.75,48.77,38.59,76.38,2,5,24.26,17.65
97.19,73.38,68.1,84.89,45.66,53.38,21.16,79.15,0,2,62.89,70.43
58.9,37.2,66.25,52.62,80.64,72.72,39.98,66.51,2,4,48.45,35.63
94.08,92.97,68.48,85.77,63.94,56.04,75.6,81.24,0,3,77.08,83.8
43.17,40.66,0.57,0.52,69.23,39.56,3.19,46.34,3,4,26.95,14.1
10.94,44.95,14.08,10.5,21.76,4.78,19.48,80.74,4,3,21.61,2.33
63.89,43.02,69.73,29.51,30.9,22.47,45.8,67.7,2,7,36.25,31.5
36.94,6.09,12.64,20.07,69.3,57.64,16.86,93.27,5,6,31.38,0.0
64.82,76.83,41.57,42.36,50.26,88.62,5.89,68.91,0,3,55.53,54.43
41.44,23.54,46.47,5.55,40.68,45.38,12.3,47.48,2,5,31.57,18.44
99.29,68.98,99.98,87.4,69.61,32.28,73.76,97.75,0,1,78.6,81.02
35.73,54.72,43.86,60.45,55.18,50.24,4.48,33.76,3,5,49.52,19.54
95.59,85.11,94.11,83.53,77.29,69.43,22.12,98.38,1,5,83.64,73.83
72.45,43.12,64.75,10.11,24.95,67.17,9.07,38.08,2,4,41.77,26.69
74.7,38.64,72.4,58.41,35.13,26.08,13.59,92.63,1,5,49.88,44.64
13.8,26.82,33.71,37.83,8.77,34.48,23.17,86.76,2,5,36.67,8.47
68.66,63.22,72.64,68.87,43.46,16.42,64.85,89.96,0,5,64.24,52.02
61.39,35.11,43.29,32.67,28.65,85.33,67.58,96.21,1,3,50.53,40.3
95.59,81.78,90.09,80.29,51.81,27.06,63.6,88.3,3,5,74.05,63.75
29.23,47.5,26.69,52.9,59.34,66.82,38.16,75.23,2,3,43.23,31.47
91.86,69.37,85.38,61.21,38.66,50.69,74.21,83.9,0,2,69.64,71.26
45.78,36.52,65.65,57.73,37.5,81.1,48.16,76.77,2,4,57.94,31.1
74.45,75.38,79.11,81.67,88.03,24.88,27.91,75.6,2,3,76.54,61.42
96.48,94.35,71.62,97.05,74.28,74.37,39.03,80.02,1,2,77.31,79.47
69.27,59.61,53.63,60.08,69.0,51.96,22.34,86.66,1,3,59.69,47.82
73.34,76.78,86.05,90.66,87.8,56.98,61.95,90.54,1,0,78.01,71.32
61.5,31.02,54.04,71.96,7.5,77.69,59.26,45.75,1,4,48.96,37.9
49.58,7.74,26.83,27.59,26.62,40.5,46.25,66.93,3,6,23.23,4.59
39.33,58.05,71.83,40.2,35.91,77.62,13.83,44.47,3,4,49.15,33.57
48.76,71.58,47.82,51.75,39.01,46.87,39.35,76.92,1,2,53.77,49.73
12.08,1.33,10.37,6.52,36.81,15.01,0.8,59.13,3,7,9.5,0.0
84.45,73.86,93.23,63.45,87.89,68.08,47.33,88.31,0,2,78.07,75.86
71.91,75.78,91.71,77.64,70.98,0.59,78.51,79.14,0,4,64.11,69.07
12.57,3.81,8.53,14.55,49.63,39.93,21.3,84.13,4,8,20.02,0.0
77.25,71.81,69.01,63.66,59.87,81.1,41.29,78.04,2,3,65.06,58.14
53.74,45.44,31.06,40.9,49.05,25.02,29.14,44.87,2,3,47.04,28.11
68.44,79.87,88.89,88.86,57.76,54.33,63.37,97.23,1,1,70.19,72.24
42.55,43.6,64.07,68.63,4.43,69.64,13.22,56.85,2,4,53.29,29.81
59.12,52.82,26.84,24.05,48.93,10.19,56.54,33.4,2,5,32.85,24.71
54.54,69.45,52.4,60.7,67.5,12.22,3.96,94.47,2,3,58.06,46.9
75.32,91.45,78.68,79.52,42.51,8.8,20.34,86.81,0,1,65.47,72.25
95.27,83.05,93.24,71.63,67.47,56.5,53.27,86.75,1,3,72.88,75.44
49.68,28.31,26.91,6.65,52.73,68.36,49.03,55.08,2,2,25.27,19.59
87.81,81.97,98.75,66.9,83.29,43.75,11.44,80.98,1,3,72.55,73.2
65.3,62.98,70.71,38.67,31.72,16.78,65.58,84.13,2,2,48.06,48.65
93.05,90.11,74.17,66.95,49.93,63.69,25.01,82.76,0,0,76.01,80.76
68.73,73.0,77.6,49.3,52.61,29.73,54.54,87.95,0,3,65.34,65.07
79.19,67.38,72.7,63.77,75.44,65.97,45.74,84.68,1,3,64.86,62.7
40.36,11.25,27.68,8.35,56.66,49.02,48.95,51.83,3,8,22.17,0.0
99.43,99.35,98.92,82.61,80.76,7.22,21.71,77.3,0,2,76.4,91.59
33.11,22.88,34.61,28.15,44.91,60.2,23.12,65.75,3,5,30.59,3.52
45.41,55.48,44.05,32.52,39.07,64.12,43.92,83.79,1,3,50.55,42.83
22.11,45.69,45.05,6.82,23.92,24.57,36.5,71.19,2,2,28.83,19.72
53.61,61.66,77.95,33.83,56.7,33.81,15.29,95.64,1,2,49.28,48.06
45.88,56.34,41.57,58.62,80.73,7.99,54.44,94.07,1,5,40.66,41.58
22.1,1.27,24.31,40.88,64.31,32.26,13.18,51.56,4,8,28.03,0.0
75.18,82.25,77.2,95.85,64.98,11.19,53.15,84.72,1,2,64.12,65.93
59.31,52.31,54.37,26.5,39.84,88.9,64.96,66.69,3,5,53.28,30.19
64.55,72.3,41.61,47.2,54.87,44.9,18.28,49.02,3,0,53.18,47.45
88.25,73.48,97.56,82.82,57.03,69.49,17.63,77.29,0,4,75.31,72.04
11.58,17.67,35.95,45.44,66.02,47.44,23.13,48.03,3,5,39.09,3.23
71.64,91.31,79.43,97.14,59.99,77.75,11.07,78.77,0,0,84.75,83.28
62.15,57.93,61.11,30.18,45.94,7.73,64.33,79.12,1,2,49.47,52.84
67.14,56.49,38.22,28.51,66.97,66.29,7.67,92.82,3,4,54.69,28.42
30.22,13.98,22.99,20.99,27.3,36.73,22.76,50.12,3,5,16.89,3.94
13.68,17.25,9.92,5.06,54.14,9.82,8.75,63.34,3,6,25.09,0.0
83.94,82.35,81.31,55.92,42.06,13.4,29.9,89.52,1,4,63.07,67.22
88.8,72.51,97.19,97.0,40.78,18.5,17.89,97.79,0,2,68.24,74.06
93.81,88.48,65.74,65.67,60.65,50.46,70.32,84.67,1,0,68.64,72.72
50.64,20.53,38.46,0.56,19.23,42.48,43.8,92.65,2,4,31.78,19.54
83.32,82.02,92.56,81.37,80.09,90.86,47.15,94.79,0,2,93.45,76.1
41.58,16.48,26.7,47.46,65.55,74.82,36.72,81.54,4,5,31.96,6.09
97.9,81.94,69.48,82.04,73.06,74.08,59.66,88.83,1,3,77.49,73.37
98.79,67.22,68.23,63.16,76.42,61.88,61.82,83.85,1,2,66.92,66.97
64.58,51.56,65.56,26.78,54.47,38.44,52.25,74.31,3,2,43.8,35.12
23.93,21.08,30.67,20.73,49.09,49.21,37.84,71.15,1,6,35.96,9.17
74.89,88.28,85.12,96.23,36.6,83.46,61.67,94.39,0,2,83.11,78.81
75.24,74.68,95.44,67.96,58.41,71.0,75.84,94.78,1,2,77.52,69.48
56.95,57.12,52.72,61.3,28.13,89.53,59.01,76.72,1,0,55.68,53.56
99.61,87.88,89.26,67.36,80.03,52.96,39.97,93.53,3,3,75.36,66.85
61.45,44.26,38.68,44.71,8.97,47.05,23.42,38.02,1,6,36.52,28.07
74.87,57.63,68.57,67.56,77.74,78.36,15.78,75.62,3,3,63.49,50.61
73.39,87.32,86.89,91.78,73.16,19.73,5.96,84.78,2,1,72.14,71.45
54.53,56.68,44.27,28.03,54.98,37.22,2.26,90.24,2,4,49.7,31.96
65.53,56.46,67.14,44.28,37.78,43.78,23.96,70.29,3,2,45.98,34.55
45.83,33.41,49.14,30.68,49.73,57.78,41.24,82.59,3,5,47.17,21.6
73.83,84.54,65.51,62.08,55.57,59.31,14.07,89.37,0,2,66.23,69.55
76.75,47.41,21.9,44.37,64.89,65.76,53.85,60.87,0,4,44.56,45.53
69.96,80.87,92.44,55.19,79.2,87.9,12.92,75.53,3,3,85.45,54.69
44.35,13.55,35.94,27.17,14.39,67.61,11.15,87.02,2,7,23.41,12.17
77.13,96.12,97.04,67.19,61.11,93.25,56.61,76.74,0,1,88.11,83.6
39.04,17.58,40.52,29.37,53.87,8.54,20.24,64.73,3,4,30.03,11.87
68.24,64.03,67.71,67.57,69.36,16.21,59.26,76.62,2,0,62.47,54.59
99.49,79.94,92.44,57.22,44.92,6.0,69.33,77.66,1,1,66.27,73.31
45.91,55.03,60.4,30.03,83.87,0.4,18.72,86.55,0,4,52.42,42.97
48.82,37.41,55.98,65.24,56.88,26.43,1.17,97.92,2,3,47.36,30.9
71.59,83.58,78.9,91.06,41.39,40.95,36.4,80.77,0,2,72.79,73.46
80.63,80.31,80.59,63.62,62.43,37.27,84.11,76.13,1,0,68.88,72.03
32.37,30.79,0.44,14.34,18.14,57.07,19.28,73.87,4,7,26.22,0.0
42.85,46.01,40.06,37.95,3.79,40.86,29.94,79.82,3,4,36.63,18.13
70.89,61.12,54.08,45.72,57.23,71.98,8.55,96.87,1,1,57.83,58.84
71.31,68.6,98.61,84.63,80.14,53.47,52.66,97.02,1,4,76.14,63.35
73.27,56.67,46.09,37.55,52.11,23.21,2.1,68.69,0,3,40.47,48.21
58.46,52.75,50.83,26.52,46.01,35.92,58.48,31.36,2,2,47.01,30.39
56.87,62.64,54.48,35.44,48.67,25.77,44.63,93.58,1,4,46.79,37.61
56.84,51.03,54.19,39.77,54.3,67.7,27.6,98.09,2,5,48.03,38.93
50.24,47.66,58.72,48.76,59.06,63.56,0.65,53.28,3,2,49.45,32.16
20.81,15.26,39.08,50.47,34.34,65.94,19.11,64.76,3,7,37.07,0.0
73.6,68.12,72.87,66.27,53.76,89.14,54.79,92.33,1,4,71.15,60.58
25.01,28.86,27.62,11.3,57.73,25.03,23.34,51.65,2,4,29.9,7.22
95.94,90.24,97.45,88.33,62.22,39.28,70.5,96.01,0,0,84.9,91.1
37.94,28.12,18.83,13.31,4.6,11.1,31.41,83.4,3,3,24.25,5.81
68.95,77.54,51.31,56.37,40.65,18.45,10.44,66.13,2,2,51.53,45.38
22.56,6.22,24.37,9.97,26.15,42.66,32.22,55.92,4,3,24.77,0.0
66.72,40.53,73.57,35.43,65.18,19.98,49.41,91.37,4,4,50.75,26.21
30.96,25.36,37.64,9.36,45.67,11.12,36.24,64.45,3,4,24.76,10.14
15.26,24.26,5.79,43.87,19.74,44.55,8.51,62.58,2,4,27.69,10.91
65.77,47.33,45.89,67.31,70.49,57.9,52.66,71.14,1,5,62.16,39.35
63.79,76.57,36.59,46.32,62.23,30.59,22.25,91.2,2,3,59.81,42.91
70.81,80.24,86.94,64.02,59.67,65.02,54.36,90.73,0,5,80.28,67.45
75.4,30.71,54.4,34.8,7.28,45.14,12.77,46.52,3,5,31.1,24.62
14.72,47.09,1.9,46.41,2.08,12.18,15.77,81.89,2,4,36.02,15.51
54.16,79.77,70.65,33.87,25.74,54.36,56.43,49.88,0,4,54.82,56.65
52.17,69.29,46.26,60.34,56.43,75.3,35.81,85.53,1,2,61.68,50.17
30.13,13.72,14.6,31.15,20.38,25.39,11.74,67.31,5,5,17.54,0.0
74.72,57.0,70.78,52.87,47.24,66.48,12.39,98.94,3,4,56.93,41.65
76.36,97.35,77.47,62.16,40.41,58.81,47.44,91.19,0,2,80.41,82.55
48.99,52.62,70.1,33.18,79.99,82.01,35.91,95.11,3,2,58.26,34.17
72.39,60.17,51.43,58.18,83.61,6.07,23.13,70.46,1,2,52.41,51.1
46.96,72.17,65.5,25.26,82.58,14.33,0.02,79.95,1,4,55.03,49.24
50.64,49.88,39.13,64.4,14.76,10.21,52.89,31.78,3,5,34.58,27.83
49.09,28.52,69.72,21.6,26.33,47.57,4.12,32.47,4,5,40.59,13.69
58.35,46.71,49.61,27.55,59.81,15.55,50.14,66.48,1,3,43.87,41.21
50.88,17.58,3.26,47.37,51.14,5.11,4.17,68.83,4,3,19.57,1.7
69.77,40.41,61.53,68.26,26.38,48.6,17.27,81.74,3,2,49.46,34.16
35.79,3.47,47.45,3.07,2.01,62.53,0.65,49.42,3,6,19.33,2.53
78.93,75.17,96.08,89.59,83.68,68.4,28.08,79.65,0,4,80.28,73.07
22.58,23.11,53.82,11.86,8.24,15.74,17.58,71.81,3,7,30.24,6.87
75.62,58.2,41.99,72.52,55.39,14.0,51.47,73.18,2,3,56.05,43.63
80.4,73.2,82.9,75.68,39.29,23.3,23.93,87.12,2,4,67.88,56.98
55.75,63.82,64.68,27.24,50.1,87.12,19.26,83.53,1,3,55.85,48.71
86.96,97.11,65.33,82.04,35.19,59.17,34.99,85.86,1,2,70.83,69.13
89.95,88.81,94.74,72.95,73.28,59.46,37.1,97.9,0,1,80.05,80.08
24.27,21.05,37.53,48.68,48.3,7.07,16.9,82.5,2,5,30.5,14.64
59.26,37.37,35.94,55.87,55.59,22.04,62.49,72.23,3,5,37.34,20.47
29.23,31.2,47.17,23.12,46.96,11.97,28.23,52.05,2,4,36.0,20.89
48.14,0.56,9.23,38.82,39.81,23.94,32.59,88.36,4,4,19.98,0.0
31.21,49.6,12.11,40.92,53.87,62.31,34.25,54.53,1,2,50.56,31.38
45.84,56.13,52.6,51.73,47.52,6.79,3.08,98.24,2,3,48.22,36.15
62.26,42.57,48.39,69.22,51.63,18.37,57.96,68.06,2,5,45.89,37.69
69.92,73.13,70.06,30.48,38.37,55.53,49.69,65.31,1,4,61.93,51.38
39.21,55.37,44.21,35.89,5.1,23.07,15.15,51.58,2,3,39.58,30.05
68.36,70.18,72.7,98.9,88.37,72.93,51.88,91.72,0,2,83.42,65.71
19.84,25.68,43.41,50.11,26.87,36.28,15.49,63.83,2,5,38.2,11.6
31.95,16.32,25.48,43.79,33.67,41.64,8.65,45.38,2,5,23.98,12.78
69.32,64.5,71.79,39.33,43.88,86.9,31.96,94.21,3,2,55.75,43.37
20.69,28.78,29.76,14.36,69.21,10.55,22.15,46.57,3,7,24.32,5.25
50.56,43.2,17.81,40.0,5.32,10.22,22.98,67.98,2,2,31.06,21.3
79.44,67.6,72.0,99.43,37.18,20.3,36.25,82.32,2,3,70.68,58.68
46.63,11.45,39.43,33.77,51.37,6.31,36.65,84.4,4,3,25.5,17.56
51.31,22.74,12.61,42.33,52.4,39.2,37.3,60.53,4,5,30.66,9.73
96.27,73.74,88.96,78.74,46.64,52.84,81.15,98.6,1,3,75.12,75.23
75.67,62.21,42.95,74.62,66.65,12.12,55.97,84.51,1,2,57.7,54.43
21.46,23.5,53.24,54.7,55.39,59.92,47.24,84.84,2,6,51.11,16.86
78.53,67.06,84.32,70.82,49.24,57.99,23.53,86.91,3,2,63.01,52.83
45.77,48.25,45.53,30.38,4.92,5.58,9.84,67.35,1,4,34.42,34.21
69.5,74.45,72.88,77.44,58.12,55.45,12.5,92.15,0,4,70.33,66.44
18.77,30.09,24.04,45.44,68.86,9.34,24.51,57.9,0,4,29.89,24.38
16.17,45.92,43.53,21.51,9.14,39.03,33.52,51.45,2,4,40.93,15.5
52.92,46.77,41.25,31.26,65.25,14.12,9.34,83.71,2,4,43.94,27.65
65.65,46.1,41.21,71.28,30.76,24.95,16.2,96.22,2,3,48.24,39.71
79.02,93.71,99.42,94.51,87.16,60.98,41.04,87.87,1,1,82.38,87.38
77.98,88.31,86.48,80.18,76.19,40.16,37.58,87.95,0,3,76.58,76.67
21.18,25.66,48.1,40.6,40.33,46.7,5.44,79.97,4,3,33.91,8.61
80.68,84.44,86.91,77.4,54.16,47.38,59.56,84.91,1,2,67.0,72.74
92.34,99.44,66.01,63.82,88.03,32.47,33.06,91.57,0,0,75.69,84.29
19.12,13.07,49.04,50.47,56.49,9.15,40.93,45.96,5,6,34.97,0.0
47.58,9.47,7.62,34.65,16.15,14.57,10.17,54.84,5,8,13.65,0.0
89.53,80.79,92.24,77.23,71.76,19.0,70.82,94.49,2,0,71.26,72.65
35.22,5.55,8.77,7.2,11.68,34.61,2.55,70.97,5,4,17.18,0.0
72.45,76.81,83.39,55.19,73.08,90.9,21.23,75.22,1,2,76.34,71.13
88.25,90.42,72.8,66.73,68.64,55.31,75.32,87.76,0,3,78.17,79.11
86.14,67.31,66.58,57.24,85.67,65.44,71.12,99.09,1,3,64.15,61.13
44.84,24.65,42.54,26.21,26.91,22.33,2.73,55.06,3,4,30.05,10.84
83.39,72.79,68.6,57.69,64.0,24.65,47.24,78.71,1,2,57.62,61.78
65.59,72.62,44.14,68.57,69.74,65.61,60.95,69.41,1,4,66.49,58.89
99.15,81.3,73.12,60.79,67.65,14.04,15.56,98.8,0,3,60.28,79.43
85.81,89.36,80.07,90.16,79.84,59.19,49.11,95.41,1,1,81.27,74.88
77.82,70.4,84.96,92.99,56.5,79.53,37.42,97.73,0,1,76.89,78.37
51.47,51.62,77.38,63.26,58.24,84.19,25.18,71.06,0,4,66.11,52.53
56.73,48.7,45.47,30.41,25.19,69.72,31.98,70.67,2,3,40.13,38.11
99.36,74.41,80.45,86.91,52.06,7.84,32.01,88.82,0,0,62.22,80.96
45.03,44.55,54.04,72.39,25.93,17.64,57.64,54.91,2,3,44.21,31.57
92.24,86.04,98.9,80.13,50.43,74.09,83.78,97.69,1,0,82.85,77.56
72.54,67.99,71.26,68.72,88.2,64.26,4.65,90.18,0,3,67.59,67.82
37.72,68.94,78.7,58.86,11.31,16.64,2.47,29.85,1,4,48.39,39.2
68.42,35.65,62.47,62.86,57.2,42.8,51.16,83.54,2,6,49.02,34.05
71.43,58.43,64.53,28.76,30.72,47.86,57.35,76.08,0,3,48.9,48.64
78.57,69.15,78.31,56.61,76.33,76.24,18.16,87.25,2,0,63.67,58.59
95.32,68.4,92.51,61.0,60.55,56.26,65.27,77.86,0,0,74.24,82.0
42.26,28.97,44.47,53.64,44.61,18.2,12.39,84.8,1,3,42.83,32.3
74.97,76.36,59.38,72.5,75.55,77.98,60.78,78.52,1,3,75.52,59.66
76.86,85.61,69.94,69.21,47.33,9.03,57.47,97.33,2,1,61.56,61.5
74.98,87.31,87.37,92.47,43.74,93.22,43.88,98.01,0,1,84.29,78.36
96.49,78.21,71.39,71.4,68.95,19.08,4.33,96.8,2,3,67.12,62.33
16.55,33.26,21.32,21.0,61.42,71.43,8.51,79.2,3,5,37.29,8.24
31.3,47.58,42.03,8.89,14.56,44.71,16.67,45.04,2,4,35.04,18.28
50.69,41.94,19.58,29.41,15.11,72.66,26.77,57.48,3,6,28.76,12.28
76.08,54.83,48.41,55.24,64.87,8.35,18.16,75.81,0,3,53.31,56.76
59.16,43.6,53.09,34.02,82.13,15.64,60.11,86.55,2,4,46.22,29.29
89.12,65.17,78.21,93.61,66.93,24.76,75.84,75.38,1,3,69.42,67.88
38.15,83.43,47.34,32.98,48.75,39.68,23.4,48.69,1,3,48.33,44.53
34.16,30.71,12.04,51.41,31.34,69.01,40.35,81.0,4,5,42.89,6.87
48.27,57.26,41.64,40.31,55.11,10.47,7.88,72.35,2,3,45.63,36.99
88.34,69.82,94.59,88.41,72.44,1.39,71.09,78.77,1,3,69.09,72.31
